"year","area","concept","level","metric","value"
"2000","AUT","hisced","high","freq",38.1180821079136
"2000","AUT","hisced","high","freq_se",0.987929796523824
"2000","AUT","hisced","low","freq",1.54422205003431
"2000","AUT","hisced","low","freq_se",0.24640613848346
"2000","AUT","hisced","medium","freq",60.3376958420521
"2000","AUT","hisced","medium","freq_se",0.967787020148588
"2000","BEL","hisced","high","freq",82.2175600910571
"2000","BEL","hisced","high","freq_se",0.785697302860814
"2000","BEL","hisced","low","freq",4.32948777407166
"2000","BEL","hisced","low","freq_se",0.48585907215386
"2000","BEL","hisced","medium","freq",13.4529521348713
"2000","BEL","hisced","medium","freq_se",0.593708734760401
"2000","BGR","hisced","high","freq",95.5022419038514
"2000","BGR","hisced","high","freq_se",0.425577153591279
"2000","BGR","hisced","low","freq",0.625504788599402
"2000","BGR","hisced","low","freq_se",0.156751702239611
"2000","BGR","hisced","medium","freq",3.87225330754922
"2000","BGR","hisced","medium","freq_se",0.352344778402865
"2000","CZE","hisced","high","freq",68.0516011770389
"2000","CZE","hisced","high","freq_se",1.03286530852419
"2000","CZE","hisced","low","freq",0.69443117023326
"2000","CZE","hisced","low","freq_se",0.238041019033447
"2000","CZE","hisced","medium","freq",31.2539676527278
"2000","CZE","hisced","medium","freq_se",0.993978048280927
"2000","DEU","hisced","high","freq",52.1750614777187
"2000","DEU","hisced","high","freq_se",1.0197064663905
"2000","DEU","hisced","low","freq",1.90968600319999
"2000","DEU","hisced","low","freq_se",0.265861142933732
"2000","DEU","hisced","medium","freq",45.9152525190813
"2000","DEU","hisced","medium","freq_se",0.996041687700667
"2000","DNK","hisced","high","freq",73.7184405798433
"2000","DNK","hisced","high","freq_se",1.03927031345235
"2000","DNK","hisced","low","freq",1.42991216119475
"2000","DNK","hisced","low","freq_se",0.224559913944594
"2000","DNK","hisced","medium","freq",24.8516472589619
"2000","DNK","hisced","medium","freq_se",0.97350713812762
"2000","ESP","hisced","high","freq",48.4585924882013
"2000","ESP","hisced","high","freq_se",1.67774077326474
"2000","ESP","hisced","low","freq",32.6439273529301
"2000","ESP","hisced","low","freq_se",1.37754971632292
"2000","ESP","hisced","medium","freq",18.8974801588685
"2000","ESP","hisced","medium","freq_se",0.747245935331594
"2000","FIN","hisced","high","freq",50.5673613489657
"2000","FIN","hisced","high","freq_se",1.10947101989577
"2000","FIN","hisced","low","freq",10.4179008360811
"2000","FIN","hisced","low","freq_se",0.611841717011448
"2000","FIN","hisced","medium","freq",39.0147378149532
"2000","FIN","hisced","medium","freq_se",0.940103268904585
"2000","FRA","hisced","high","freq",61.1699018976499
"2000","FRA","hisced","high","freq_se",1.25944452518145
"2000","FRA","hisced","low","freq",4.14961651966731
"2000","FRA","hisced","low","freq_se",0.454329223596578
"2000","FRA","hisced","medium","freq",34.6804815826828
"2000","FRA","hisced","medium","freq_se",1.07927466319364
"2000","GBR","hisced","high","freq",61.3016540251756
"2000","GBR","hisced","high","freq_se",1.08227655263249
"2000","GBR","hisced","low","freq",1.68783926309924
"2000","GBR","hisced","low","freq_se",0.345859668591076
"2000","GBR","hisced","medium","freq",37.0105067117252
"2000","GBR","hisced","medium","freq_se",1.0521750353107
"2000","GRC","hisced","high","freq",67.4801464133289
"2000","GRC","hisced","high","freq_se",1.36538117351811
"2000","GRC","hisced","low","freq",12.786677922077
"2000","GRC","hisced","low","freq_se",0.844599916606737
"2000","GRC","hisced","medium","freq",19.7331756645942
"2000","GRC","hisced","medium","freq_se",1.02456084370176
"2000","HUN","hisced","high","freq",64.4020051822175
"2000","HUN","hisced","high","freq_se",1.49986893472472
"2000","HUN","hisced","low","freq",0.395097176107818
"2000","HUN","hisced","low","freq_se",0.106599549448833
"2000","HUN","hisced","medium","freq",35.2028976416747
"2000","HUN","hisced","medium","freq_se",1.4556341966884
"2000","IRL","hisced","high","freq",71.1968617717468
"2000","IRL","hisced","high","freq_se",1.19396535617261
"2000","IRL","hisced","low","freq",10.2418986977268
"2000","IRL","hisced","low","freq_se",0.755524914572422
"2000","IRL","hisced","medium","freq",18.5612395305264
"2000","IRL","hisced","medium","freq_se",0.683895638621969
"2000","ITA","hisced","high","freq",56.8942832616345
"2000","ITA","hisced","high","freq_se",1.03259555176714
"2000","ITA","hisced","low","freq",4.28585076191337
"2000","ITA","hisced","low","freq_se",0.369095012975117
"2000","ITA","hisced","medium","freq",38.8198659764522
"2000","ITA","hisced","medium","freq_se",1.01899404030733
"2000","LUX","hisced","high","freq",52.2721726029764
"2000","LUX","hisced","high","freq_se",0.959392886766876
"2000","LUX","hisced","low","freq",25.4992331058202
"2000","LUX","hisced","low","freq_se",0.827656452322035
"2000","LUX","hisced","medium","freq",22.2285942912034
"2000","LUX","hisced","medium","freq_se",0.920374116027519
"2000","LVA","hisced","high","freq",92.8412347735277
"2000","LVA","hisced","high","freq_se",0.775810608846577
"2000","LVA","hisced","low","freq",0.632627507762804
"2000","LVA","hisced","low","freq_se",0.156736455106241
"2000","LVA","hisced","medium","freq",6.52613771870948
"2000","LVA","hisced","medium","freq_se",0.728746085398099
"2000","NLD","hisced","high","freq",66.3337363657895
"2000","NLD","hisced","high","freq_se",1.38477454205098
"2000","NLD","hisced","low","freq",5.40855296926911
"2000","NLD","hisced","low","freq_se",0.783582490876338
"2000","NLD","hisced","medium","freq",28.2577106649414
"2000","NLD","hisced","medium","freq_se",1.20094463260152
"2000","POL","hisced","high","freq",73.523279780184
"2000","POL","hisced","high","freq_se",1.19160962816548
"2000","POL","hisced","low","freq",
"2000","POL","hisced","low","freq_se",
"2000","POL","hisced","medium","freq",26.476720219816
"2000","POL","hisced","medium","freq_se",1.19160962816548
"2000","PRT","hisced","high","freq",36.3715642122032
"2000","PRT","hisced","high","freq_se",1.58119678260972
"2000","PRT","hisced","low","freq",29.9442024328855
"2000","PRT","hisced","low","freq_se",1.19712726222113
"2000","PRT","hisced","medium","freq",33.6842333549114
"2000","PRT","hisced","medium","freq_se",1.04166403147382
"2000","SWE","hisced","high","freq",83.9933862455621
"2000","SWE","hisced","high","freq_se",0.579836640442415
"2000","SWE","hisced","low","freq",1.55283883164654
"2000","SWE","hisced","low","freq_se",0.193960238062173
"2000","SWE","hisced","medium","freq",14.4537749227914
"2000","SWE","hisced","medium","freq_se",0.548786650467706
"2000","EU28","hisced","high","freq",61.1517106543757
"2000","EU28","hisced","high","freq_se",0.367942152159272
"2000","EU28","hisced","low","freq",6.19056323645153
"2000","EU28","hisced","low","freq_se",0.200060843304644
"2000","EU28","hisced","medium","freq",32.6577261091728
"2000","EU28","hisced","medium","freq_se",0.325154518783507
"2003","AUT","hisced","high","freq",43.186707097304
"2003","AUT","hisced","high","freq_se",1.05143264292131
"2003","AUT","hisced","low","freq",6.64716695960328
"2003","AUT","hisced","low","freq_se",0.578427524274008
"2003","AUT","hisced","medium","freq",50.1661259430927
"2003","AUT","hisced","medium","freq_se",1.06884740043548
"2003","BEL","hisced","high","freq",57.2042616643739
"2003","BEL","hisced","high","freq_se",0.837013315423765
"2003","BEL","hisced","low","freq",8.5020856409029
"2003","BEL","hisced","low","freq_se",0.417408130086073
"2003","BEL","hisced","medium","freq",34.2936526947232
"2003","BEL","hisced","medium","freq_se",0.741140733996285
"2003","CZE","hisced","high","freq",26.63909441557
"2003","CZE","hisced","high","freq_se",0.939446414704556
"2003","CZE","hisced","low","freq",1.93649146128124
"2003","CZE","hisced","low","freq_se",0.211727798086121
"2003","CZE","hisced","medium","freq",71.4244141231488
"2003","CZE","hisced","medium","freq_se",0.931490961014798
"2003","DEU","hisced","high","freq",41.077022841987
"2003","DEU","hisced","high","freq_se",0.961522815424248
"2003","DEU","hisced","low","freq",15.85485327158
"2003","DEU","hisced","low","freq_se",0.900277777707108
"2003","DEU","hisced","medium","freq",43.068123886433
"2003","DEU","hisced","medium","freq_se",0.939651426357798
"2003","DNK","hisced","high","freq",58.524831685694
"2003","DNK","hisced","high","freq_se",1.25979307124335
"2003","DNK","hisced","low","freq",10.6603751080694
"2003","DNK","hisced","low","freq_se",0.806876956369811
"2003","DNK","hisced","medium","freq",30.8147932062366
"2003","DNK","hisced","medium","freq_se",0.876595866755936
"2003","ESP","hisced","high","freq",38.0175331672969
"2003","ESP","hisced","high","freq_se",1.50332986967064
"2003","ESP","hisced","low","freq",33.0882206475043
"2003","ESP","hisced","low","freq_se",1.35159929185071
"2003","ESP","hisced","medium","freq",28.8942461851987
"2003","ESP","hisced","medium","freq_se",0.744722600980946
"2003","FIN","hisced","high","freq",66.691403405009
"2003","FIN","hisced","high","freq_se",0.767429454428352
"2003","FIN","hisced","low","freq",10.0102272297596
"2003","FIN","hisced","low","freq_se",0.475975459303862
"2003","FIN","hisced","medium","freq",23.2983693652314
"2003","FIN","hisced","medium","freq_se",0.575563830278173
"2003","FRA","hisced","high","freq",37.3938154092691
"2003","FRA","hisced","high","freq_se",1.05128895466787
"2003","FRA","hisced","low","freq",17.6968784003121
"2003","FRA","hisced","low","freq_se",0.841739109506129
"2003","FRA","hisced","medium","freq",44.9093061904188
"2003","FRA","hisced","medium","freq_se",0.937232624994877
"2003","GBR","hisced","high","freq",41.8875539340777
"2003","GBR","hisced","high","freq_se",0.891947853942241
"2003","GBR","hisced","low","freq",8.77653293640653
"2003","GBR","hisced","low","freq_se",0.5292013822849
"2003","GBR","hisced","medium","freq",49.3359131295157
"2003","GBR","hisced","medium","freq_se",0.912412308308807
"2003","GRC","hisced","high","freq",41.5500497337152
"2003","GRC","hisced","high","freq_se",1.75946784292719
"2003","GRC","hisced","low","freq",20.4788480551895
"2003","GRC","hisced","low","freq_se",1.25478823410834
"2003","GRC","hisced","medium","freq",37.9711022110953
"2003","GRC","hisced","medium","freq_se",1.01141756813263
"2003","HUN","hisced","high","freq",32.712492013388
"2003","HUN","hisced","high","freq_se",1.02633038523875
"2003","HUN","hisced","low","freq",6.95198735705979
"2003","HUN","hisced","low","freq_se",0.534231604096296
"2003","HUN","hisced","medium","freq",60.3355206295522
"2003","HUN","hisced","medium","freq_se",0.99085572483261
"2003","IRL","hisced","high","freq",39.868706354318
"2003","IRL","hisced","high","freq_se",1.18464293514079
"2003","IRL","hisced","low","freq",15.6953220342712
"2003","IRL","hisced","low","freq_se",0.872529354008229
"2003","IRL","hisced","medium","freq",44.4359716114108
"2003","IRL","hisced","medium","freq_se",1.03842122504515
"2003","ITA","hisced","high","freq",34.3537632573617
"2003","ITA","hisced","high","freq_se",0.924074551885945
"2003","ITA","hisced","low","freq",29.8546087217229
"2003","ITA","hisced","low","freq_se",0.739179375526294
"2003","ITA","hisced","medium","freq",35.7916280209154
"2003","ITA","hisced","medium","freq_se",0.734636146149343
"2003","LUX","hisced","high","freq",50.3623425538101
"2003","LUX","hisced","high","freq_se",0.725470142031986
"2003","LUX","hisced","low","freq",18.6821110877033
"2003","LUX","hisced","low","freq_se",0.636618696381364
"2003","LUX","hisced","medium","freq",30.9555463584866
"2003","LUX","hisced","medium","freq_se",0.759825622683842
"2003","LVA","hisced","high","freq",59.6828801301142
"2003","LVA","hisced","high","freq_se",1.89758883192372
"2003","LVA","hisced","low","freq",1.59697075352143
"2003","LVA","hisced","low","freq_se",0.269560309390048
"2003","LVA","hisced","medium","freq",38.7201491163643
"2003","LVA","hisced","medium","freq_se",1.81610016364911
"2003","NLD","hisced","high","freq",47.5847490243432
"2003","NLD","hisced","high","freq_se",1.16442136961795
"2003","NLD","hisced","low","freq",16.7144408861025
"2003","NLD","hisced","low","freq_se",0.926886460329087
"2003","NLD","hisced","medium","freq",35.7008100895543
"2003","NLD","hisced","medium","freq_se",1.15329798468736
"2003","POL","hisced","high","freq",22.3366131431039
"2003","POL","hisced","high","freq_se",0.831400619702244
"2003","POL","hisced","low","freq",2.70077466981037
"2003","POL","hisced","low","freq_se",0.309982263173602
"2003","POL","hisced","medium","freq",74.9626121870857
"2003","POL","hisced","medium","freq_se",0.829867672121538
"2003","PRT","hisced","high","freq",25.8593898784544
"2003","PRT","hisced","high","freq_se",1.15096028585058
"2003","PRT","hisced","low","freq",55.401829633106
"2003","PRT","hisced","low","freq_se",1.20964904153516
"2003","PRT","hisced","medium","freq",18.7387804884396
"2003","PRT","hisced","medium","freq_se",0.72482720515057
"2003","SVK","hisced","high","freq",26.3264742290604
"2003","SVK","hisced","high","freq_se",0.952948552019206
"2003","SVK","hisced","low","freq",3.38471606742651
"2003","SVK","hisced","low","freq_se",0.623122896287221
"2003","SVK","hisced","medium","freq",70.2888097035131
"2003","SVK","hisced","medium","freq_se",0.946001110379398
"2003","SWE","hisced","high","freq",60.637858449631
"2003","SWE","hisced","high","freq_se",0.944395176474001
"2003","SWE","hisced","low","freq",10.5802105047009
"2003","SWE","hisced","low","freq_se",0.57992163779767
"2003","SWE","hisced","medium","freq",28.7819310456681
"2003","SWE","hisced","medium","freq_se",0.744568632568328
"2003","EU28","hisced","high","freq",38.150126714921
"2003","EU28","hisced","high","freq_se",0.296286084321692
"2003","EU28","hisced","low","freq",15.8346905310596
"2003","EU28","hisced","low","freq_se",0.233162001255214
"2003","EU28","hisced","medium","freq",46.0151827540194
"2003","EU28","hisced","medium","freq_se",0.274983646657474
"2006","AUT","hisced","high","freq",50.8953903884964
"2006","AUT","hisced","high","freq_se",1.07709380089017
"2006","AUT","hisced","low","freq",4.47512890631721
"2006","AUT","hisced","low","freq_se",0.609877918971798
"2006","AUT","hisced","medium","freq",44.6294807051864
"2006","AUT","hisced","medium","freq_se",1.04614484270921
"2006","BEL","hisced","high","freq",57.7348731243269
"2006","BEL","hisced","high","freq_se",0.887159336701237
"2006","BEL","hisced","low","freq",7.05957697670881
"2006","BEL","hisced","low","freq_se",0.482631110216546
"2006","BEL","hisced","medium","freq",35.2055498989643
"2006","BEL","hisced","medium","freq_se",0.750272740466585
"2006","BGR","hisced","high","freq",35.9598854676729
"2006","BGR","hisced","high","freq_se",1.7618932516744
"2006","BGR","hisced","low","freq",7.10928829109985
"2006","BGR","hisced","low","freq_se",0.774152926795152
"2006","BGR","hisced","medium","freq",56.9308262412273
"2006","BGR","hisced","medium","freq_se",1.6993217297224
"2006","CZE","hisced","high","freq",33.1287592138418
"2006","CZE","hisced","high","freq_se",0.866699043371582
"2006","CZE","hisced","low","freq",2.09348937027068
"2006","CZE","hisced","low","freq_se",0.345187340640305
"2006","CZE","hisced","medium","freq",64.7777514158876
"2006","CZE","hisced","medium","freq_se",0.890117979989826
"2006","DEU","hisced","high","freq",45.7726689925433
"2006","DEU","hisced","high","freq_se",1.05581560183862
"2006","DEU","hisced","low","freq",15.1378442179254
"2006","DEU","hisced","low","freq_se",0.919617249104474
"2006","DEU","hisced","medium","freq",39.0894867895313
"2006","DEU","hisced","medium","freq_se",0.820649508075044
"2006","DNK","hisced","high","freq",63.3379735556278
"2006","DNK","hisced","high","freq_se",1.07414042795675
"2006","DNK","hisced","low","freq",6.92124769004314
"2006","DNK","hisced","low","freq_se",0.534179639076421
"2006","DNK","hisced","medium","freq",29.7407787543291
"2006","DNK","hisced","medium","freq_se",0.85220709147902
"2006","ESP","hisced","high","freq",34.8112505522184
"2006","ESP","hisced","high","freq_se",1.1029872806333
"2006","ESP","hisced","low","freq",36.3345795248327
"2006","ESP","hisced","low","freq_se",1.12025611720071
"2006","ESP","hisced","medium","freq",28.8541699229489
"2006","ESP","hisced","medium","freq_se",0.612939012030038
"2006","EST","hisced","high","freq",50.8720875125399
"2006","EST","hisced","high","freq_se",0.978997122162637
"2006","EST","hisced","low","freq",1.82858445093132
"2006","EST","hisced","low","freq_se",0.331914884277669
"2006","EST","hisced","medium","freq",47.2993280365287
"2006","EST","hisced","medium","freq_se",0.980436168186822
"2006","FIN","hisced","high","freq",76.558321814706
"2006","FIN","hisced","high","freq_se",0.756895211510029
"2006","FIN","hisced","low","freq",6.41313212913553
"2006","FIN","hisced","low","freq_se",0.394097401698466
"2006","FIN","hisced","medium","freq",17.0285460561584
"2006","FIN","hisced","medium","freq_se",0.628524138502783
"2006","FRA","hisced","high","freq",39.0978930103708
"2006","FRA","hisced","high","freq_se",1.23123987270664
"2006","FRA","hisced","low","freq",15.8336153911497
"2006","FRA","hisced","low","freq_se",0.824297954200627
"2006","FRA","hisced","medium","freq",45.0684915984795
"2006","FRA","hisced","medium","freq_se",0.99593988724819
"2006","GBR","hisced","high","freq",51.4048586838555
"2006","GBR","hisced","high","freq_se",0.764982341926362
"2006","GBR","hisced","low","freq",5.2791769871473
"2006","GBR","hisced","low","freq_se",0.316725086257978
"2006","GBR","hisced","medium","freq",43.3159643289972
"2006","GBR","hisced","medium","freq_se",0.770340189524349
"2006","GRC","hisced","high","freq",44.2748916056271
"2006","GRC","hisced","high","freq_se",1.29418063487254
"2006","GRC","hisced","low","freq",17.770193756459
"2006","GRC","hisced","low","freq_se",1.01216443873802
"2006","GRC","hisced","medium","freq",37.954914637914
"2006","GRC","hisced","medium","freq_se",0.90336051883893
"2006","HRV","hisced","high","freq",43.9418655798811
"2006","HRV","hisced","high","freq_se",0.769740680109003
"2006","HRV","hisced","low","freq",5.90113157927687
"2006","HRV","hisced","low","freq_se",0.417154174574002
"2006","HRV","hisced","medium","freq",50.1570028408421
"2006","HRV","hisced","medium","freq_se",0.703958850405823
"2006","HUN","hisced","high","freq",34.7421390366802
"2006","HUN","hisced","high","freq_se",1.19804598987711
"2006","HUN","hisced","low","freq",6.61878973182689
"2006","HUN","hisced","low","freq_se",0.583948453723904
"2006","HUN","hisced","medium","freq",58.6390712314929
"2006","HUN","hisced","medium","freq_se",1.08535021685876
"2006","IRL","hisced","high","freq",45.9877238659358
"2006","IRL","hisced","high","freq_se",1.18587824808409
"2006","IRL","hisced","low","freq",11.3591117903165
"2006","IRL","hisced","low","freq_se",0.627935094507921
"2006","IRL","hisced","medium","freq",42.6531643437477
"2006","IRL","hisced","medium","freq_se",1.04295065619725
"2006","ITA","hisced","high","freq",26.14275093335
"2006","ITA","hisced","high","freq_se",0.676038733460669
"2006","ITA","hisced","low","freq",28.2078567599486
"2006","ITA","hisced","low","freq_se",0.739023273690819
"2006","ITA","hisced","medium","freq",45.6493923067014
"2006","ITA","hisced","medium","freq_se",0.712696649338659
"2006","LTU","hisced","high","freq",57.5788037573949
"2006","LTU","hisced","high","freq_se",1.19657336283261
"2006","LTU","hisced","low","freq",0.548428486680269
"2006","LTU","hisced","low","freq_se",0.122974600962011
"2006","LTU","hisced","medium","freq",41.8727677559249
"2006","LTU","hisced","medium","freq_se",1.19761291784282
"2006","LUX","hisced","high","freq",44.5256286782047
"2006","LUX","hisced","high","freq_se",0.629059376971473
"2006","LUX","hisced","low","freq",21.0514179864566
"2006","LUX","hisced","low","freq_se",0.5032878507179
"2006","LUX","hisced","medium","freq",34.4229533353387
"2006","LUX","hisced","medium","freq_se",0.664253030456642
"2006","LVA","hisced","high","freq",50.8407747951508
"2006","LVA","hisced","high","freq_se",0.989404574567866
"2006","LVA","hisced","low","freq",2.31057347109416
"2006","LVA","hisced","low","freq_se",0.260744213431606
"2006","LVA","hisced","medium","freq",46.8486517337551
"2006","LVA","hisced","medium","freq_se",0.963501101089024
"2006","NLD","hisced","high","freq",53.3276177975796
"2006","NLD","hisced","high","freq_se",1.03666868999372
"2006","NLD","hisced","low","freq",11.3024584195655
"2006","NLD","hisced","low","freq_se",0.657440157934201
"2006","NLD","hisced","medium","freq",35.3699237828549
"2006","NLD","hisced","medium","freq_se",0.952641195179422
"2006","POL","hisced","high","freq",18.5719941933296
"2006","POL","hisced","high","freq_se",0.78317411315411
"2006","POL","hisced","low","freq",4.58417996731632
"2006","POL","hisced","low","freq_se",0.368143642830459
"2006","POL","hisced","medium","freq",76.8438258393541
"2006","POL","hisced","medium","freq_se",0.768338735040133
"2006","PRT","hisced","high","freq",22.5400638257244
"2006","PRT","hisced","high","freq_se",1.13120010880437
"2006","PRT","hisced","low","freq",53.9296302816324
"2006","PRT","hisced","low","freq_se",1.35489379421643
"2006","PRT","hisced","medium","freq",23.5303058926431
"2006","PRT","hisced","medium","freq_se",0.807274445799504
"2006","ROU","hisced","high","freq",48.7072542791534
"2006","ROU","hisced","high","freq_se",1.53784317941428
"2006","ROU","hisced","low","freq",6.92401285544469
"2006","ROU","hisced","low","freq_se",0.941209462741365
"2006","ROU","hisced","medium","freq",44.368732865402
"2006","ROU","hisced","medium","freq_se",1.42803095445622
"2006","SVK","hisced","high","freq",28.8467504292403
"2006","SVK","hisced","high","freq_se",0.899786012899859
"2006","SVK","hisced","low","freq",3.1016909580493
"2006","SVK","hisced","low","freq_se",0.627629658105056
"2006","SVK","hisced","medium","freq",68.0515586127104
"2006","SVK","hisced","medium","freq_se",1.07920587603606
"2006","SVN","hisced","high","freq",36.0757127068477
"2006","SVN","hisced","high","freq_se",0.703159657691524
"2006","SVN","hisced","low","freq",6.68550977414598
"2006","SVN","hisced","low","freq_se",0.463027098205189
"2006","SVN","hisced","medium","freq",57.2387775190064
"2006","SVN","hisced","medium","freq_se",0.802671813189176
"2006","SWE","hisced","high","freq",69.3510446004837
"2006","SWE","hisced","high","freq_se",0.775814902912133
"2006","SWE","hisced","low","freq",7.59084530287743
"2006","SWE","hisced","low","freq_se",0.463754960396089
"2006","SWE","hisced","medium","freq",23.0581100966388
"2006","SWE","hisced","medium","freq_se",0.649301604695379
"2006","EU28","hisced","high","freq",40.8760230002212
"2006","EU28","hisced","high","freq_se",0.319545669621393
"2006","EU28","hisced","low","freq",14.0665059737349
"2006","EU28","hisced","low","freq_se",0.237105683156069
"2006","EU28","hisced","medium","freq",45.0574710260439
"2006","EU28","hisced","medium","freq_se",0.271831693849553
"2009","AUT","hisced","high","freq",47.6782854075147
"2009","AUT","hisced","high","freq_se",0.729610719737799
"2009","AUT","hisced","low","freq",4.79248985546048
"2009","AUT","hisced","low","freq_se",0.449957675222529
"2009","AUT","hisced","medium","freq",47.5292247370248
"2009","AUT","hisced","medium","freq_se",0.790196319896302
"2009","BEL","hisced","high","freq",61.3238198602845
"2009","BEL","hisced","high","freq_se",0.716130548604522
"2009","BEL","hisced","low","freq",5.69901618449153
"2009","BEL","hisced","low","freq_se",0.346394775224563
"2009","BEL","hisced","medium","freq",32.977163955224
"2009","BEL","hisced","medium","freq_se",0.693371749850801
"2009","BGR","hisced","high","freq",42.839566133048
"2009","BGR","hisced","high","freq_se",1.50337632396428
"2009","BGR","hisced","low","freq",5.7969279471069
"2009","BGR","hisced","low","freq_se",0.704549170257579
"2009","BGR","hisced","medium","freq",51.3635059198451
"2009","BGR","hisced","medium","freq_se",1.3788682641851
"2009","CZE","hisced","high","freq",30.862934452163
"2009","CZE","hisced","high","freq_se",0.710664361304512
"2009","CZE","hisced","low","freq",1.17339817255095
"2009","CZE","hisced","low","freq_se",0.188217245665239
"2009","CZE","hisced","medium","freq",67.9636673752861
"2009","CZE","hisced","medium","freq_se",0.764395279929543
"2009","DEU","hisced","high","freq",46.4561459010253
"2009","DEU","hisced","high","freq_se",1.01280765381903
"2009","DEU","hisced","low","freq",11.684628188556
"2009","DEU","hisced","low","freq_se",0.62308869457833
"2009","DEU","hisced","medium","freq",41.8592259104187
"2009","DEU","hisced","medium","freq_se",0.890443491840973
"2009","DNK","hisced","high","freq",64.2495067373577
"2009","DNK","hisced","high","freq_se",1.03573506356468
"2009","DNK","hisced","low","freq",6.47676508511126
"2009","DNK","hisced","low","freq_se",0.361983466507275
"2009","DNK","hisced","medium","freq",29.2737281775311
"2009","DNK","hisced","medium","freq_se",0.897761963932939
"2009","ESP","hisced","high","freq",44.648286878595
"2009","ESP","hisced","high","freq_se",1.22303250687206
"2009","ESP","hisced","low","freq",28.8904286131595
"2009","ESP","hisced","low","freq_se",0.962128652036773
"2009","ESP","hisced","medium","freq",26.4612845082456
"2009","ESP","hisced","medium","freq_se",0.71985647855848
"2009","EST","hisced","high","freq",56.98469911675
"2009","EST","hisced","high","freq_se",1.04940632553423
"2009","EST","hisced","low","freq",2.81741706181412
"2009","EST","hisced","low","freq_se",0.327879086342889
"2009","EST","hisced","medium","freq",40.1978838214359
"2009","EST","hisced","medium","freq_se",1.02505885103768
"2009","FIN","hisced","high","freq",80.3695801031663
"2009","FIN","hisced","high","freq_se",0.719172689367706
"2009","FIN","hisced","low","freq",3.8662087794228
"2009","FIN","hisced","low","freq_se",0.297049785433466
"2009","FIN","hisced","medium","freq",15.7642111174109
"2009","FIN","hisced","medium","freq_se",0.605834181065163
"2009","FRA","hisced","high","freq",48.8842570635249
"2009","FRA","hisced","high","freq_se",1.27118417810368
"2009","FRA","hisced","low","freq",11.3033140321114
"2009","FRA","hisced","low","freq_se",0.666620452184512
"2009","FRA","hisced","medium","freq",39.8124289043637
"2009","FRA","hisced","medium","freq_se",1.05097198385832
"2009","GBR","hisced","high","freq",57.5460744677086
"2009","GBR","hisced","high","freq_se",0.839800668029418
"2009","GBR","hisced","low","freq",4.01432552443762
"2009","GBR","hisced","low","freq_se",0.397462867085317
"2009","GBR","hisced","medium","freq",38.4396000078538
"2009","GBR","hisced","medium","freq_se",0.844690637157732
"2009","GRC","hisced","high","freq",49.3412524394315
"2009","GRC","hisced","high","freq_se",1.10223859148098
"2009","GRC","hisced","low","freq",13.6314182429744
"2009","GRC","hisced","low","freq_se",0.867289963817012
"2009","GRC","hisced","medium","freq",37.0273293175941
"2009","GRC","hisced","medium","freq_se",0.793321008749193
"2009","HRV","hisced","high","freq",44.1677763068153
"2009","HRV","hisced","high","freq_se",1.00609591837703
"2009","HRV","hisced","low","freq",5.6908342702623
"2009","HRV","hisced","low","freq_se",0.464193318367663
"2009","HRV","hisced","medium","freq",50.1413894229224
"2009","HRV","hisced","medium","freq_se",1.00031901340616
"2009","HUN","hisced","high","freq",38.2166770705253
"2009","HUN","hisced","high","freq_se",1.18170787817911
"2009","HUN","hisced","low","freq",7.84779272562203
"2009","HUN","hisced","low","freq_se",0.829581265903321
"2009","HUN","hisced","medium","freq",53.9355302038527
"2009","HUN","hisced","medium","freq_se",1.18263209619212
"2009","IRL","hisced","high","freq",50.9760193238592
"2009","IRL","hisced","high","freq_se",1.09744594266849
"2009","IRL","hisced","low","freq",10.6842383383871
"2009","IRL","hisced","low","freq_se",0.58764032345361
"2009","IRL","hisced","medium","freq",38.3397423377537
"2009","IRL","hisced","medium","freq_se",0.915565988690115
"2009","ITA","hisced","high","freq",32.5414685441609
"2009","ITA","hisced","high","freq_se",0.466647481296755
"2009","ITA","hisced","low","freq",24.5322364035771
"2009","ITA","hisced","low","freq_se",0.47125640818953
"2009","ITA","hisced","medium","freq",42.9262950522621
"2009","ITA","hisced","medium","freq_se",0.39921972065719
"2009","LTU","hisced","high","freq",55.1469458236433
"2009","LTU","hisced","high","freq_se",0.848033333467462
"2009","LTU","hisced","low","freq",1.24445762698458
"2009","LTU","hisced","low","freq_se",0.213163846344144
"2009","LTU","hisced","medium","freq",43.6085965493721
"2009","LTU","hisced","medium","freq_se",0.833505487285492
"2009","LUX","hisced","high","freq",49.5145376071045
"2009","LUX","hisced","high","freq_se",0.736915521928767
"2009","LUX","hisced","low","freq",19.3220857817175
"2009","LUX","hisced","low","freq_se",0.620912480930937
"2009","LUX","hisced","medium","freq",31.1633766111781
"2009","LUX","hisced","medium","freq_se",0.749355742220673
"2009","LVA","hisced","high","freq",55.5220410805721
"2009","LVA","hisced","high","freq_se",1.23728878717806
"2009","LVA","hisced","low","freq",1.7520381273591
"2009","LVA","hisced","low","freq_se",0.285031467421214
"2009","LVA","hisced","medium","freq",42.7259207920688
"2009","LVA","hisced","medium","freq_se",1.16951200349152
"2009","MLT","hisced","high","freq",30.5047084761924
"2009","MLT","hisced","high","freq_se",0.928927511441303
"2009","MLT","hisced","low","freq",43.2097424673177
"2009","MLT","hisced","low","freq_se",0.900813907408338
"2009","MLT","hisced","medium","freq",26.2855490564899
"2009","MLT","hisced","medium","freq_se",0.743626366778326
"2009","NLD","hisced","high","freq",57.5223327777562
"2009","NLD","hisced","high","freq_se",1.22432826659222
"2009","NLD","hisced","low","freq",8.49558490832955
"2009","NLD","hisced","low","freq_se",0.801035146684646
"2009","NLD","hisced","medium","freq",33.9820823139142
"2009","NLD","hisced","medium","freq_se",0.968977943430846
"2009","POL","hisced","high","freq",22.2730877602744
"2009","POL","hisced","high","freq_se",1.06906194169857
"2009","POL","hisced","low","freq",4.31323158433462
"2009","POL","hisced","low","freq_se",0.404808226617898
"2009","POL","hisced","medium","freq",73.4136806553909
"2009","POL","hisced","medium","freq_se",1.08732130930658
"2009","PRT","hisced","high","freq",25.9432206697084
"2009","PRT","hisced","high","freq_se",1.18026629404084
"2009","PRT","hisced","low","freq",50.0393738414568
"2009","PRT","hisced","low","freq_se",1.34957787129917
"2009","PRT","hisced","medium","freq",24.0174054888348
"2009","PRT","hisced","medium","freq_se",0.746249767817984
"2009","ROU","hisced","high","freq",42.2609298594652
"2009","ROU","hisced","high","freq_se",1.09306939000462
"2009","ROU","hisced","low","freq",5.63584854495122
"2009","ROU","hisced","low","freq_se",0.509124053394763
"2009","ROU","hisced","medium","freq",52.1032215955835
"2009","ROU","hisced","medium","freq_se",1.02721052135091
"2009","SVK","hisced","high","freq",28.3742962542909
"2009","SVK","hisced","high","freq_se",0.82990474435616
"2009","SVK","hisced","low","freq",1.55298946692363
"2009","SVK","hisced","low","freq_se",0.265686758132641
"2009","SVK","hisced","medium","freq",70.0727142787855
"2009","SVK","hisced","medium","freq_se",0.839578950346841
"2009","SVN","hisced","high","freq",39.682074187414
"2009","SVN","hisced","high","freq_se",0.791324335876944
"2009","SVN","hisced","low","freq",4.33129539544987
"2009","SVN","hisced","low","freq_se",0.308192234155517
"2009","SVN","hisced","medium","freq",55.9866304171362
"2009","SVN","hisced","medium","freq_se",0.800933779212953
"2009","SWE","hisced","high","freq",69.2521135482851
"2009","SWE","hisced","high","freq_se",0.82693847547792
"2009","SWE","hisced","low","freq",6.01544635464587
"2009","SWE","hisced","low","freq_se",0.470253380233295
"2009","SWE","hisced","medium","freq",24.7324400970691
"2009","SWE","hisced","medium","freq_se",0.746848972271108
"2009","EU28","hisced","high","freq",45.1615368180967
"2009","EU28","hisced","high","freq_se",0.32148467655892
"2009","EU28","hisced","low","freq",11.8494802217161
"2009","EU28","hisced","low","freq_se",0.189965724400325
"2009","EU28","hisced","medium","freq",42.9889829601873
"2009","EU28","hisced","medium","freq_se",0.284421170788212
"2012","AUT","hisced","high","freq",48.0368035378822
"2012","AUT","hisced","high","freq_se",1.02267891036982
"2012","AUT","hisced","low","freq",4.68451867380917
"2012","AUT","hisced","low","freq_se",0.457719599749512
"2012","AUT","hisced","medium","freq",47.2786777883086
"2012","AUT","hisced","medium","freq_se",0.967166244738149
"2012","BEL","hisced","high","freq",62.9473827421066
"2012","BEL","hisced","high","freq_se",0.815913751237503
"2012","BEL","hisced","low","freq",4.89938328263924
"2012","BEL","hisced","low","freq_se",0.394501749154083
"2012","BEL","hisced","medium","freq",32.1532339752542
"2012","BEL","hisced","medium","freq_se",0.760139706020509
"2012","BGR","hisced","high","freq",45.3849492198114
"2012","BGR","hisced","high","freq_se",1.16253695999067
"2012","BGR","hisced","low","freq",7.15257579462953
"2012","BGR","hisced","low","freq_se",0.765224398300597
"2012","BGR","hisced","medium","freq",47.4624749855591
"2012","BGR","hisced","medium","freq_se",1.00806577488294
"2012","CZE","hisced","high","freq",32.5954646310787
"2012","CZE","hisced","high","freq_se",0.910012533893493
"2012","CZE","hisced","low","freq",1.22109267071152
"2012","CZE","hisced","low","freq_se",0.243704937291676
"2012","CZE","hisced","medium","freq",66.1834426982097
"2012","CZE","hisced","medium","freq_se",0.929261877184306
"2012","DEU","hisced","high","freq",50.5465138139162
"2012","DEU","hisced","high","freq_se",1.05394528090978
"2012","DEU","hisced","low","freq",22.803723526508
"2012","DEU","hisced","low","freq_se",0.895956670321957
"2012","DEU","hisced","medium","freq",26.6497626595758
"2012","DEU","hisced","medium","freq_se",0.729181959440493
"2012","DNK","hisced","high","freq",67.3982392144028
"2012","DNK","hisced","high","freq_se",1.03693460338812
"2012","DNK","hisced","low","freq",5.74141897316199
"2012","DNK","hisced","low","freq_se",0.409805463574043
"2012","DNK","hisced","medium","freq",26.8603418124352
"2012","DNK","hisced","medium","freq_se",0.92388546234358
"2012","ESP","hisced","high","freq",48.5167871633672
"2012","ESP","hisced","high","freq_se",1.03306945196832
"2012","ESP","hisced","low","freq",24.4225204254239
"2012","ESP","hisced","low","freq_se",0.821732733423383
"2012","ESP","hisced","medium","freq",27.060692411209
"2012","ESP","hisced","medium","freq_se",0.594396309538604
"2012","EST","hisced","high","freq",57.5967601042956
"2012","EST","hisced","high","freq_se",0.852276144487673
"2012","EST","hisced","low","freq",2.38438140024487
"2012","EST","hisced","low","freq_se",0.296367265322044
"2012","EST","hisced","medium","freq",40.0188584954596
"2012","EST","hisced","medium","freq_se",0.870323028634511
"2012","FIN","hisced","high","freq",79.2628798289761
"2012","FIN","hisced","high","freq_se",0.605898290233216
"2012","FIN","hisced","low","freq",2.90913615948206
"2012","FIN","hisced","low","freq_se",0.185352855492345
"2012","FIN","hisced","medium","freq",17.8279840115419
"2012","FIN","hisced","medium","freq_se",0.591499148600662
"2012","FRA","hisced","high","freq",54.2568561369491
"2012","FRA","hisced","high","freq_se",0.894458489535526
"2012","FRA","hisced","low","freq",9.4925451344026
"2012","FRA","hisced","low","freq_se",0.5060046592094
"2012","FRA","hisced","medium","freq",36.2505987286483
"2012","FRA","hisced","medium","freq_se",0.880734997252158
"2012","GBR","hisced","high","freq",59.3685452492
"2012","GBR","hisced","high","freq_se",0.849207952447763
"2012","GBR","hisced","low","freq",3.68661438991597
"2012","GBR","hisced","low","freq_se",0.346324130235687
"2012","GBR","hisced","medium","freq",36.9448403608841
"2012","GBR","hisced","medium","freq_se",0.812970415636191
"2012","GRC","hisced","high","freq",52.6121580382355
"2012","GRC","hisced","high","freq_se",1.14868525282488
"2012","GRC","hisced","low","freq",10.6641406693896
"2012","GRC","hisced","low","freq_se",0.735241068267691
"2012","GRC","hisced","medium","freq",36.7237012923749
"2012","GRC","hisced","medium","freq_se",0.921540019076534
"2012","HRV","hisced","high","freq",47.0687699229266
"2012","HRV","hisced","high","freq_se",0.799349394315944
"2012","HRV","hisced","low","freq",4.75843848886441
"2012","HRV","hisced","low","freq_se",0.406788303389987
"2012","HRV","hisced","medium","freq",48.172791588209
"2012","HRV","hisced","medium","freq_se",0.840438069286814
"2012","HUN","hisced","high","freq",43.5692912892223
"2012","HUN","hisced","high","freq_se",1.27649858283286
"2012","HUN","hisced","low","freq",9.57896151199915
"2012","HUN","hisced","low","freq_se",0.665533299503602
"2012","HUN","hisced","medium","freq",46.8517471987786
"2012","HUN","hisced","medium","freq_se",1.13263924949212
"2012","IRL","hisced","high","freq",55.9332812535695
"2012","IRL","hisced","high","freq_se",0.999662669498524
"2012","IRL","hisced","low","freq",7.97625756460464
"2012","IRL","hisced","low","freq_se",0.434665795992453
"2012","IRL","hisced","medium","freq",36.0904611818258
"2012","IRL","hisced","medium","freq_se",0.915673657652596
"2012","ITA","hisced","high","freq",37.0954125009377
"2012","ITA","hisced","high","freq_se",0.52235541195628
"2012","ITA","hisced","low","freq",20.480568290133
"2012","ITA","hisced","low","freq_se",0.429059055671694
"2012","ITA","hisced","medium","freq",42.4240192089293
"2012","ITA","hisced","medium","freq_se",0.395356538888327
"2012","LTU","hisced","high","freq",64.3178279520034
"2012","LTU","hisced","high","freq_se",0.925445654818888
"2012","LTU","hisced","low","freq",1.49531015421514
"2012","LTU","hisced","low","freq_se",0.194744899861942
"2012","LTU","hisced","medium","freq",34.1868618937814
"2012","LTU","hisced","medium","freq_se",0.898616217699017
"2012","LUX","hisced","high","freq",50.8064105754315
"2012","LUX","hisced","high","freq_se",0.659231434441575
"2012","LUX","hisced","low","freq",20.0404324925953
"2012","LUX","hisced","low","freq_se",0.578977323337513
"2012","LUX","hisced","medium","freq",29.1531569319732
"2012","LUX","hisced","medium","freq_se",0.639605596610422
"2012","LVA","hisced","high","freq",54.7203250377917
"2012","LVA","hisced","high","freq_se",1.30819001881335
"2012","LVA","hisced","low","freq",2.68286393603366
"2012","LVA","hisced","low","freq_se",0.366509907894368
"2012","LVA","hisced","medium","freq",42.5968110261746
"2012","LVA","hisced","medium","freq_se",1.22682784539892
"2012","NLD","hisced","high","freq",63.2250866270423
"2012","NLD","hisced","high","freq_se",1.23330258914671
"2012","NLD","hisced","low","freq",6.10569162137305
"2012","NLD","hisced","low","freq_se",0.433825918575296
"2012","NLD","hisced","medium","freq",30.6692217515846
"2012","NLD","hisced","medium","freq_se",1.18827029094702
"2012","POL","hisced","high","freq",26.2959485100968
"2012","POL","hisced","high","freq_se",1.28460501811252
"2012","POL","hisced","low","freq",3.10370716913487
"2012","POL","hisced","low","freq_se",0.325241953744833
"2012","POL","hisced","medium","freq",70.6003443207683
"2012","POL","hisced","medium","freq_se",1.22891845423144
"2012","PRT","hisced","high","freq",27.2768186253809
"2012","PRT","hisced","high","freq_se",1.5585714537583
"2012","PRT","hisced","low","freq",48.7414416960487
"2012","PRT","hisced","low","freq_se",1.68766892443867
"2012","PRT","hisced","medium","freq",23.9817396785704
"2012","PRT","hisced","medium","freq_se",0.752404874330217
"2012","ROU","hisced","high","freq",51.6642766489227
"2012","ROU","hisced","high","freq_se",1.24054238858605
"2012","ROU","hisced","low","freq",5.8302279375244
"2012","ROU","hisced","low","freq_se",0.638260808284887
"2012","ROU","hisced","medium","freq",42.5054954135529
"2012","ROU","hisced","medium","freq_se",1.07644007281564
"2012","SVK","hisced","high","freq",30.149667087137
"2012","SVK","hisced","high","freq_se",1.16594091706263
"2012","SVK","hisced","low","freq",3.43709062152374
"2012","SVK","hisced","low","freq_se",0.540646333102109
"2012","SVK","hisced","medium","freq",66.4132422913393
"2012","SVK","hisced","medium","freq_se",1.09800569551728
"2012","SVN","hisced","high","freq",43.3369718492184
"2012","SVN","hisced","high","freq_se",0.767788738617172
"2012","SVN","hisced","low","freq",4.06803701816781
"2012","SVN","hisced","low","freq_se",0.311067024730573
"2012","SVN","hisced","medium","freq",52.5949911326138
"2012","SVN","hisced","medium","freq_se",0.810741838859716
"2012","SWE","hisced","high","freq",69.199718338008
"2012","SWE","hisced","high","freq_se",0.74765638995128
"2012","SWE","hisced","low","freq",5.42406302258368
"2012","SWE","hisced","low","freq_se",0.364616101584335
"2012","SWE","hisced","medium","freq",25.3762186394083
"2012","SWE","hisced","medium","freq_se",0.707595758170864
"2012","EU28","hisced","high","freq",49.3951427536952
"2012","EU28","hisced","high","freq_se",0.276089758789807
"2012","EU28","hisced","low","freq",12.1013577025042
"2012","EU28","hisced","low","freq_se",0.180329457787671
"2012","EU28","hisced","medium","freq",38.5034995438007
"2012","EU28","hisced","medium","freq_se",0.24063227597227
"2015","AUT","hisced","high","freq",52.697718738363
"2015","AUT","hisced","high","freq_se",0.796267196002599
"2015","AUT","hisced","low","freq",3.86336038708516
"2015","AUT","hisced","low","freq_se",0.367932933393429
"2015","AUT","hisced","medium","freq",43.4389208745519
"2015","AUT","hisced","medium","freq_se",0.748659500766728
"2015","BEL","hisced","high","freq",67.840099505976
"2015","BEL","hisced","high","freq_se",0.777000358905214
"2015","BEL","hisced","low","freq",5.1580327573072
"2015","BEL","hisced","low","freq_se",0.37248129558126
"2015","BEL","hisced","medium","freq",27.0018677367168
"2015","BEL","hisced","medium","freq_se",0.648497679886564
"2015","BGR","hisced","high","freq",56.2902291004376
"2015","BGR","hisced","high","freq_se",1.24654237871333
"2015","BGR","hisced","low","freq",5.07718586627578
"2015","BGR","hisced","low","freq_se",0.549957526759991
"2015","BGR","hisced","medium","freq",38.6325850332866
"2015","BGR","hisced","medium","freq_se",1.0055936079862
"2015","CZE","hisced","high","freq",33.3605436958918
"2015","CZE","hisced","high","freq_se",0.682187873116839
"2015","CZE","hisced","low","freq",6.20494271712236
"2015","CZE","hisced","low","freq_se",0.444025240788386
"2015","CZE","hisced","medium","freq",60.4345135869858
"2015","CZE","hisced","medium","freq_se",0.750519685731851
"2015","DEU","hisced","high","freq",53.0018414104507
"2015","DEU","hisced","high","freq_se",0.9260435368547
"2015","DEU","hisced","low","freq",22.2429946182345
"2015","DEU","hisced","low","freq_se",0.670608565661646
"2015","DEU","hisced","medium","freq",24.7551639713148
"2015","DEU","hisced","medium","freq_se",0.67023903143181
"2015","DNK","hisced","high","freq",75.4013116294152
"2015","DNK","hisced","high","freq_se",0.721696239561059
"2015","DNK","hisced","low","freq",10.5631428617616
"2015","DNK","hisced","low","freq_se",0.550163700884335
"2015","DNK","hisced","medium","freq",14.0355455088232
"2015","DNK","hisced","medium","freq_se",0.463546947177656
"2015","ESP","hisced","high","freq",54.9652713894784
"2015","ESP","hisced","high","freq_se",1.13903984307171
"2015","ESP","hisced","low","freq",24.8658858593542
"2015","ESP","hisced","low","freq_se",1.02571359581248
"2015","ESP","hisced","medium","freq",20.1688427511674
"2015","ESP","hisced","medium","freq_se",0.591374608264877
"2015","EST","hisced","high","freq",64.7774721060819
"2015","EST","hisced","high","freq_se",0.861891999757304
"2015","EST","hisced","low","freq",2.9212662523724
"2015","EST","hisced","low","freq_se",0.295575487215369
"2015","EST","hisced","medium","freq",32.3012616415457
"2015","EST","hisced","medium","freq_se",0.80383652531382
"2015","FIN","hisced","high","freq",80.70017139094
"2015","FIN","hisced","high","freq_se",0.782404119214045
"2015","FIN","hisced","low","freq",1.78595822664156
"2015","FIN","hisced","low","freq_se",0.239466001709575
"2015","FIN","hisced","medium","freq",17.5138703824184
"2015","FIN","hisced","medium","freq_se",0.693722464953238
"2015","FRA","hisced","high","freq",61.0642481340163
"2015","FRA","hisced","high","freq_se",0.905960710168048
"2015","FRA","hisced","low","freq",7.83611729182756
"2015","FRA","hisced","low","freq_se",0.401601602571271
"2015","FRA","hisced","medium","freq",31.0996345741562
"2015","FRA","hisced","medium","freq_se",0.8276400512841
"2015","GBR","hisced","high","freq",62.784776562147
"2015","GBR","hisced","high","freq_se",0.889728520265862
"2015","GBR","hisced","low","freq",3.2941658072682
"2015","GBR","hisced","low","freq_se",0.306351712892356
"2015","GBR","hisced","medium","freq",33.9210576305848
"2015","GBR","hisced","medium","freq_se",0.796852455308789
"2015","GRC","hisced","high","freq",57.9261479133873
"2015","GRC","hisced","high","freq_se",1.16538665020203
"2015","GRC","hisced","low","freq",7.89285665505997
"2015","GRC","hisced","low","freq_se",0.664888087285578
"2015","GRC","hisced","medium","freq",34.1809954315528
"2015","GRC","hisced","medium","freq_se",0.817882325894077
"2015","HRV","hisced","high","freq",53.8034869607938
"2015","HRV","hisced","high","freq_se",0.850230975206741
"2015","HRV","hisced","low","freq",3.25518360519603
"2015","HRV","hisced","low","freq_se",0.294588989572316
"2015","HRV","hisced","medium","freq",42.9413294340101
"2015","HRV","hisced","medium","freq_se",0.766844034294931
"2015","HUN","hisced","high","freq",51.8555441991607
"2015","HUN","hisced","high","freq_se",0.942123482497902
"2015","HUN","hisced","low","freq",6.06886581310926
"2015","HUN","hisced","low","freq_se",0.393054379318741
"2015","HUN","hisced","medium","freq",42.0755899877301
"2015","HUN","hisced","medium","freq_se",0.883874486604554
"2015","IRL","hisced","high","freq",64.6205499699657
"2015","IRL","hisced","high","freq_se",1.07909912027835
"2015","IRL","hisced","low","freq",5.19274758074137
"2015","IRL","hisced","low","freq_se",0.37515521171582
"2015","IRL","hisced","medium","freq",30.1867024492929
"2015","IRL","hisced","medium","freq_se",0.891868820902481
"2015","ITA","hisced","high","freq",39.3460362303723
"2015","ITA","hisced","high","freq_se",0.795381672296476
"2015","ITA","hisced","low","freq",19.0998153234971
"2015","ITA","hisced","low","freq_se",0.67710659083731
"2015","ITA","hisced","medium","freq",41.5541484461306
"2015","ITA","hisced","medium","freq_se",0.697770467607497
"2015","LTU","hisced","high","freq",68.7986357025435
"2015","LTU","hisced","high","freq_se",0.908729374681776
"2015","LTU","hisced","low","freq",1.32711945983541
"2015","LTU","hisced","low","freq_se",0.155188821087031
"2015","LTU","hisced","medium","freq",29.8742448376211
"2015","LTU","hisced","medium","freq_se",0.87210459117109
"2015","LUX","hisced","high","freq",57.3128969903996
"2015","LUX","hisced","high","freq_se",0.62946205546628
"2015","LUX","hisced","low","freq",17.9476290478878
"2015","LUX","hisced","low","freq_se",0.479081674459536
"2015","LUX","hisced","medium","freq",24.7394739617126
"2015","LUX","hisced","medium","freq_se",0.682797953849838
"2015","LVA","hisced","high","freq",61.7439378678507
"2015","LVA","hisced","high","freq_se",0.888883381141859
"2015","LVA","hisced","low","freq",1.78948052416395
"2015","LVA","hisced","low","freq_se",0.229390067057379
"2015","LVA","hisced","medium","freq",36.4665816079854
"2015","LVA","hisced","medium","freq_se",0.900840503517813
"2015","MLT","hisced","high","freq",38.9627714382406
"2015","MLT","hisced","high","freq_se",0.842833212545323
"2015","MLT","hisced","low","freq",28.6994068355554
"2015","MLT","hisced","low","freq_se",0.700260447897135
"2015","MLT","hisced","medium","freq",32.337821726204
"2015","MLT","hisced","medium","freq_se",0.76005564870962
"2015","NLD","hisced","high","freq",63.8625077563172
"2015","NLD","hisced","high","freq_se",0.871094593661265
"2015","NLD","hisced","low","freq",5.99183629330061
"2015","NLD","hisced","low","freq_se",0.462817085553226
"2015","NLD","hisced","medium","freq",30.1456559503822
"2015","NLD","hisced","medium","freq_se",0.751952269099035
"2015","POL","hisced","high","freq",22.6609009493315
"2015","POL","hisced","high","freq_se",0.845005155166563
"2015","POL","hisced","low","freq",6.50527960041363
"2015","POL","hisced","low","freq_se",0.436143599024929
"2015","POL","hisced","medium","freq",70.8338194502549
"2015","POL","hisced","medium","freq_se",0.838813047928142
"2015","PRT","hisced","high","freq",33.3275979092132
"2015","PRT","hisced","high","freq_se",1.05246703801738
"2015","PRT","hisced","low","freq",39.7768238620074
"2015","PRT","hisced","low","freq_se",1.05664428934438
"2015","PRT","hisced","medium","freq",26.8955782287793
"2015","PRT","hisced","medium","freq_se",0.781675849573195
"2015","ROU","hisced","high","freq",50.2889689151854
"2015","ROU","hisced","high","freq_se",1.56068934198407
"2015","ROU","hisced","low","freq",5.62491835963966
"2015","ROU","hisced","low","freq_se",0.467238776015225
"2015","ROU","hisced","medium","freq",44.0861127251749
"2015","ROU","hisced","medium","freq_se",1.44959257633083
"2015","SVK","hisced","high","freq",38.710042314282
"2015","SVK","hisced","high","freq_se",0.920550082675153
"2015","SVK","hisced","low","freq",3.44526127845659
"2015","SVK","hisced","low","freq_se",0.403535476855946
"2015","SVK","hisced","medium","freq",57.8446964072614
"2015","SVK","hisced","medium","freq_se",0.938362257409406
"2015","SVN","hisced","high","freq",55.6790947640233
"2015","SVN","hisced","high","freq_se",0.737451562210337
"2015","SVN","hisced","low","freq",2.14455431271375
"2015","SVN","hisced","low","freq_se",0.225264904876342
"2015","SVN","hisced","medium","freq",42.1763509232629
"2015","SVN","hisced","medium","freq_se",0.729690603904937
"2015","SWE","hisced","high","freq",73.6504518489231
"2015","SWE","hisced","high","freq_se",0.837756812676045
"2015","SWE","hisced","low","freq",4.90550752323285
"2015","SWE","hisced","low","freq_se",0.391972678026204
"2015","SWE","hisced","medium","freq",21.4440406278441
"2015","SWE","hisced","medium","freq_se",0.721798675719382
"2015","EU28","hisced","high","freq",53.1763391032994
"2015","EU28","hisced","high","freq_se",0.329553015300854
"2015","EU28","hisced","low","freq",11.8553813512141
"2015","EU28","hisced","low","freq_se",0.186951551018767
"2015","EU28","hisced","medium","freq",34.9682795454865
"2015","EU28","hisced","medium","freq_se",0.260786486635164
"2018","AUT","hisced","high","freq",54.8006753234174
"2018","AUT","hisced","high","freq_se",0.710944353806807
"2018","AUT","hisced","low","freq",4.67631652993882
"2018","AUT","hisced","low","freq_se",0.379295366529272
"2018","AUT","hisced","medium","freq",40.5230081466438
"2018","AUT","hisced","medium","freq_se",0.719199731437686
"2018","BEL","hisced","high","freq",67.8406000406054
"2018","BEL","hisced","high","freq_se",0.717408280765863
"2018","BEL","hisced","low","freq",5.02607014390317
"2018","BEL","hisced","low","freq_se",0.29535239590426
"2018","BEL","hisced","medium","freq",27.1333298154914
"2018","BEL","hisced","medium","freq_se",0.607876914806657
"2018","BGR","hisced","high","freq",55.6582294795141
"2018","BGR","hisced","high","freq_se",1.31032656224837
"2018","BGR","hisced","low","freq",7.91203153585581
"2018","BGR","hisced","low","freq_se",1.01615363656885
"2018","BGR","hisced","medium","freq",36.4297389846301
"2018","BGR","hisced","medium","freq_se",1.03854372074981
"2018","CZE","hisced","high","freq",36.5588234215387
"2018","CZE","hisced","high","freq_se",0.801170247224151
"2018","CZE","hisced","low","freq",7.06124182151076
"2018","CZE","hisced","low","freq_se",0.468901099873914
"2018","CZE","hisced","medium","freq",56.3799347569506
"2018","CZE","hisced","medium","freq_se",0.867346949355596
"2018","DEU","hisced","high","freq",54.0145392020542
"2018","DEU","hisced","high","freq_se",0.95819990234453
"2018","DEU","hisced","low","freq",21.3869435632684
"2018","DEU","hisced","low","freq_se",0.77418542103258
"2018","DEU","hisced","medium","freq",24.5985172346774
"2018","DEU","hisced","medium","freq_se",0.760740229291043
"2018","DNK","hisced","high","freq",88.0526442334838
"2018","DNK","hisced","high","freq_se",0.482392646291209
"2018","DNK","hisced","low","freq",2.93652953797933
"2018","DNK","hisced","low","freq_se",0.202192318266641
"2018","DNK","hisced","medium","freq",9.01082622853684
"2018","DNK","hisced","medium","freq_se",0.444605345709113
"2018","ESP","hisced","high","freq",67.9915971557672
"2018","ESP","hisced","high","freq_se",0.597163259394342
"2018","ESP","hisced","low","freq",18.739317453495
"2018","ESP","hisced","low","freq_se",0.503963426618815
"2018","ESP","hisced","medium","freq",13.2690853907378
"2018","ESP","hisced","medium","freq_se",0.272212619436995
"2018","EST","hisced","high","freq",66.7298582997402
"2018","EST","hisced","high","freq_se",0.773736560397259
"2018","EST","hisced","low","freq",3.13775544265877
"2018","EST","hisced","low","freq_se",0.307164340057919
"2018","EST","hisced","medium","freq",30.132386257601
"2018","EST","hisced","medium","freq_se",0.699546969512088
"2018","FIN","hisced","high","freq",80.2338327071093
"2018","FIN","hisced","high","freq_se",0.725733353181659
"2018","FIN","hisced","low","freq",1.71430722804564
"2018","FIN","hisced","low","freq_se",0.179187768804939
"2018","FIN","hisced","medium","freq",18.0518600648451
"2018","FIN","hisced","medium","freq_se",0.669901038094311
"2018","FRA","hisced","high","freq",72.2586681793878
"2018","FRA","hisced","high","freq_se",0.794286920166991
"2018","FRA","hisced","low","freq",6.19496517327943
"2018","FRA","hisced","low","freq_se",0.340679474025652
"2018","FRA","hisced","medium","freq",21.5463666473328
"2018","FRA","hisced","medium","freq_se",0.66153752440342
"2018","GBR","hisced","high","freq",64.56439735293
"2018","GBR","hisced","high","freq_se",0.732385522034883
"2018","GBR","hisced","low","freq",3.54282195530555
"2018","GBR","hisced","low","freq_se",0.300233051972412
"2018","GBR","hisced","medium","freq",31.8927806917644
"2018","GBR","hisced","medium","freq_se",0.643473849516061
"2018","GRC","hisced","high","freq",62.8465662392089
"2018","GRC","hisced","high","freq_se",0.876636949761019
"2018","GRC","hisced","low","freq",5.99063498981412
"2018","GRC","hisced","low","freq_se",0.421822707923543
"2018","GRC","hisced","medium","freq",31.1627987709769
"2018","GRC","hisced","medium","freq_se",0.737816044050722
"2018","HRV","hisced","high","freq",61.7698719030003
"2018","HRV","hisced","high","freq_se",0.687856967693474
"2018","HRV","hisced","low","freq",2.29460828081552
"2018","HRV","hisced","low","freq_se",0.230282445482323
"2018","HRV","hisced","medium","freq",35.9355198161842
"2018","HRV","hisced","medium","freq_se",0.693033337532883
"2018","HUN","hisced","high","freq",53.7532245813247
"2018","HUN","hisced","high","freq_se",0.956968403270724
"2018","HUN","hisced","low","freq",6.1380539840924
"2018","HUN","hisced","low","freq_se",0.493355017385812
"2018","HUN","hisced","medium","freq",40.1087214345829
"2018","HUN","hisced","medium","freq_se",0.839413563534304
"2018","IRL","hisced","high","freq",66.0832553146365
"2018","IRL","hisced","high","freq_se",0.982684742758319
"2018","IRL","hisced","low","freq",4.32134224546747
"2018","IRL","hisced","low","freq_se",0.322561937056053
"2018","IRL","hisced","medium","freq",29.5954024398961
"2018","IRL","hisced","medium","freq_se",0.868876456702747
"2018","ITA","hisced","high","freq",43.3414640841462
"2018","ITA","hisced","high","freq_se",0.897736090858075
"2018","ITA","hisced","low","freq",16.4577530751401
"2018","ITA","hisced","low","freq_se",0.573692484572558
"2018","ITA","hisced","medium","freq",40.2007828407137
"2018","ITA","hisced","medium","freq_se",0.774381255404507
"2018","LTU","hisced","high","freq",70.4650666335411
"2018","LTU","hisced","high","freq_se",0.621946961564687
"2018","LTU","hisced","low","freq",2.03902021623373
"2018","LTU","hisced","low","freq_se",0.199086711028929
"2018","LTU","hisced","medium","freq",27.4959131502252
"2018","LTU","hisced","medium","freq_se",0.605284605418712
"2018","LUX","hisced","high","freq",61.1070089500794
"2018","LUX","hisced","high","freq_se",0.687609882875644
"2018","LUX","hisced","low","freq",16.2716397994737
"2018","LUX","hisced","low","freq_se",0.498791848086541
"2018","LUX","hisced","medium","freq",22.6213512504469
"2018","LUX","hisced","medium","freq_se",0.556865793620319
"2018","LVA","hisced","high","freq",64.4520818469385
"2018","LVA","hisced","high","freq_se",0.75639226303139
"2018","LVA","hisced","low","freq",1.53023993431862
"2018","LVA","hisced","low","freq_se",0.198193799507543
"2018","LVA","hisced","medium","freq",34.0176782187428
"2018","LVA","hisced","medium","freq_se",0.737116246314911
"2018","MLT","hisced","high","freq",50.1571918158627
"2018","MLT","hisced","high","freq_se",0.744686243123858
"2018","MLT","hisced","low","freq",22.0711351416093
"2018","MLT","hisced","low","freq_se",0.647951018117675
"2018","MLT","hisced","medium","freq",27.771673042528
"2018","MLT","hisced","medium","freq_se",0.703642953623784
"2018","NLD","hisced","high","freq",67.0684567480965
"2018","NLD","hisced","high","freq_se",1.05825405767468
"2018","NLD","hisced","low","freq",5.1484372471358
"2018","NLD","hisced","low","freq_se",0.43711863583759
"2018","NLD","hisced","medium","freq",27.7831060047677
"2018","NLD","hisced","medium","freq_se",0.922161422902775
"2018","POL","hisced","high","freq",37.0241680271064
"2018","POL","hisced","high","freq_se",1.12994664200852
"2018","POL","hisced","low","freq",3.62093451355565
"2018","POL","hisced","low","freq_se",0.281551920647926
"2018","POL","hisced","medium","freq",59.3548974593379
"2018","POL","hisced","medium","freq_se",1.05627563724915
"2018","PRT","hisced","high","freq",45.816357834867
"2018","PRT","hisced","high","freq_se",1.10872741590497
"2018","PRT","hisced","low","freq",31.7135997789749
"2018","PRT","hisced","low","freq_se",1.00392802385861
"2018","PRT","hisced","medium","freq",22.4700423861581
"2018","PRT","hisced","medium","freq_se",0.650620550140784
"2018","ROU","hisced","high","freq",50.9950744430168
"2018","ROU","hisced","high","freq_se",1.50038465200061
"2018","ROU","hisced","low","freq",6.60243845340854
"2018","ROU","hisced","low","freq_se",0.634864868307317
"2018","ROU","hisced","medium","freq",42.4024871035747
"2018","ROU","hisced","medium","freq_se",1.22316997045034
"2018","SVK","hisced","high","freq",47.7222343545201
"2018","SVK","hisced","high","freq_se",0.82727632774944
"2018","SVK","hisced","low","freq",3.59286996340133
"2018","SVK","hisced","low","freq_se",0.45748143345283
"2018","SVK","hisced","medium","freq",48.6848956820786
"2018","SVK","hisced","medium","freq_se",0.79626750591241
"2018","SVN","hisced","high","freq",60.5666416916902
"2018","SVN","hisced","high","freq_se",0.686922281380835
"2018","SVN","hisced","low","freq",1.61251581643092
"2018","SVN","hisced","low","freq_se",0.166108102646327
"2018","SVN","hisced","medium","freq",37.8208424918789
"2018","SVN","hisced","medium","freq_se",0.677973688421526
"2018","SWE","hisced","high","freq",75.6705449850226
"2018","SWE","hisced","high","freq_se",0.772938879361121
"2018","SWE","hisced","low","freq",5.26066855833151
"2018","SWE","hisced","low","freq_se",0.349893579955096
"2018","SWE","hisced","medium","freq",19.0687864566459
"2018","SWE","hisced","medium","freq_se",0.744997114760998
"2018","EU28","hisced","high","freq",59.2233594364584
"2018","EU28","hisced","high","freq_se",0.284052746049542
"2018","EU28","hisced","low","freq",10.3170960398262
"2018","EU28","hisced","low","freq_se",0.155142443201149
"2018","EU28","hisced","medium","freq",30.4595445237154
"2018","EU28","hisced","medium","freq_se",0.25500418029616
"2022","AUT","hisced","high","freq",90.7105894432291
"2022","AUT","hisced","high","freq_se",0.66413898263099
"2022","AUT","hisced","low","freq",2.26242293710495
"2022","AUT","hisced","low","freq_se",0.29833620169038
"2022","AUT","hisced","medium","freq",7.02698761966596
"2022","AUT","hisced","medium","freq_se",0.503227413935453
"2022","BEL","hisced","high","freq",84.0594062218183
"2022","BEL","hisced","high","freq_se",0.700715253749718
"2022","BEL","hisced","low","freq",3.39086177564565
"2022","BEL","hisced","low","freq_se",0.367285901238009
"2022","BEL","hisced","medium","freq",12.549732002536
"2022","BEL","hisced","medium","freq_se",0.565148206697197
"2022","BGR","hisced","high","freq",82.5550400387952
"2022","BGR","hisced","high","freq_se",1.27857819477149
"2022","BGR","hisced","low","freq",3.64813318558947
"2022","BGR","hisced","low","freq_se",0.569725252213968
"2022","BGR","hisced","medium","freq",13.7968267756154
"2022","BGR","hisced","medium","freq_se",0.997708402523802
"2022","CZE","hisced","high","freq",79.6410224306823
"2022","CZE","hisced","high","freq_se",0.784173283733029
"2022","CZE","hisced","low","freq",0.0369700077177422
"2022","CZE","hisced","low","freq_se",0.0260587371398481
"2022","CZE","hisced","medium","freq",20.3220075616
"2022","CZE","hisced","medium","freq_se",0.782201422413319
"2022","DEU","hisced","high","freq",68.4011348940589
"2022","DEU","hisced","high","freq_se",0.955368973515441
"2022","DEU","hisced","low","freq",3.33454073706101
"2022","DEU","hisced","low","freq_se",0.387874356641014
"2022","DEU","hisced","medium","freq",28.2643243688801
"2022","DEU","hisced","medium","freq_se",0.841471203909824
"2022","DNK","hisced","high","freq",88.8407198579529
"2022","DNK","hisced","high","freq_se",0.538894444705483
"2022","DNK","hisced","low","freq",0.452156782297448
"2022","DNK","hisced","low","freq_se",0.0860873064930344
"2022","DNK","hisced","medium","freq",10.7071233597497
"2022","DNK","hisced","medium","freq_se",0.521363881852331
"2022","ESP","hisced","high","freq",75.2615205537919
"2022","ESP","hisced","high","freq_se",0.649592836695198
"2022","ESP","hisced","low","freq",5.82361906538323
"2022","ESP","hisced","low","freq_se",0.371605749631136
"2022","ESP","hisced","medium","freq",18.9148603808248
"2022","ESP","hisced","medium","freq_se",0.482445879933023
"2022","EST","hisced","high","freq",93.3273177973121
"2022","EST","hisced","high","freq_se",0.538338476859054
"2022","EST","hisced","low","freq",0.104740714482505
"2022","EST","hisced","low","freq_se",0.0685436877638386
"2022","EST","hisced","medium","freq",6.56794148820537
"2022","EST","hisced","medium","freq_se",0.529751771319557
"2022","FIN","hisced","high","freq",77.4754735970874
"2022","FIN","hisced","high","freq_se",0.65784721301241
"2022","FIN","hisced","low","freq",0.519311966114307
"2022","FIN","hisced","low","freq_se",0.091125711322173
"2022","FIN","hisced","medium","freq",22.0052144367983
"2022","FIN","hisced","medium","freq_se",0.658784000053838
"2022","FRA","hisced","high","freq",85.4468905025064
"2022","FRA","hisced","high","freq_se",0.820492139238917
"2022","FRA","hisced","low","freq",2.08675406476904
"2022","FRA","hisced","low","freq_se",0.2111078487987
"2022","FRA","hisced","medium","freq",12.4663554327245
"2022","FRA","hisced","medium","freq_se",0.769827288921652
"2022","GBR","hisced","high","freq",77.7573556060528
"2022","GBR","hisced","high","freq_se",0.838927720991564
"2022","GBR","hisced","low","freq",1.1060042535411
"2022","GBR","hisced","low","freq_se",0.322894450070979
"2022","GBR","hisced","medium","freq",21.1366401404061
"2022","GBR","hisced","medium","freq_se",0.778161923790479
"2022","GRC","hisced","high","freq",63.6480470137187
"2022","GRC","hisced","high","freq_se",1.10732010178588
"2022","GRC","hisced","low","freq",1.82090663456028
"2022","GRC","hisced","low","freq_se",0.267968918927463
"2022","GRC","hisced","medium","freq",34.531046351721
"2022","GRC","hisced","medium","freq_se",1.06554017788857
"2022","HRV","hisced","high","freq",70.0814885360155
"2022","HRV","hisced","high","freq_se",0.987994207094096
"2022","HRV","hisced","low","freq",0.167014098520949
"2022","HRV","hisced","low","freq_se",0.0658010538166888
"2022","HRV","hisced","medium","freq",29.7514973654636
"2022","HRV","hisced","medium","freq_se",0.990997675940016
"2022","HUN","hisced","high","freq",79.4423175744522
"2022","HUN","hisced","high","freq_se",0.876802490805464
"2022","HUN","hisced","low","freq",0.1982841542243
"2022","HUN","hisced","low","freq_se",0.0768104357535001
"2022","HUN","hisced","medium","freq",20.3593982713234
"2022","HUN","hisced","medium","freq_se",0.870126440396685
"2022","IRL","hisced","high","freq",93.3125176379625
"2022","IRL","hisced","high","freq_se",0.560274292125529
"2022","IRL","hisced","low","freq",0.861603653725113
"2022","IRL","hisced","low","freq_se",0.190607005899128
"2022","IRL","hisced","medium","freq",5.82587870831236
"2022","IRL","hisced","medium","freq_se",0.489764148942526
"2022","ITA","hisced","high","freq",77.5582316183804
"2022","ITA","hisced","high","freq_se",0.901105494214088
"2022","ITA","hisced","low","freq",0.970840549385397
"2022","ITA","hisced","low","freq_se",0.162105132246318
"2022","ITA","hisced","medium","freq",21.4709278322342
"2022","ITA","hisced","medium","freq_se",0.8816048091411
"2022","LTU","hisced","high","freq",91.5006778328535
"2022","LTU","hisced","high","freq_se",0.44528356341837
"2022","LTU","hisced","low","freq",0.391099354031598
"2022","LTU","hisced","low","freq_se",0.0781319744028654
"2022","LTU","hisced","medium","freq",8.10822281311494
"2022","LTU","hisced","medium","freq_se",0.429917565510432
"2022","LVA","hisced","high","freq",93.4509424087634
"2022","LVA","hisced","high","freq_se",0.479548375044967
"2022","LVA","hisced","low","freq",0.552087458104043
"2022","LVA","hisced","low","freq_se",0.131932973950805
"2022","LVA","hisced","medium","freq",5.9969701331326
"2022","LVA","hisced","medium","freq_se",0.47564883459451
"2022","MLT","hisced","high","freq",61.8588280689473
"2022","MLT","hisced","high","freq_se",1.00165405518122
"2022","MLT","hisced","low","freq",1.89393068573201
"2022","MLT","hisced","low","freq_se",0.367792800172762
"2022","MLT","hisced","medium","freq",36.2472412453207
"2022","MLT","hisced","medium","freq_se",1.05267746868838
"2022","NLD","hisced","high","freq",65.7729192939484
"2022","NLD","hisced","high","freq_se",1.08695546292842
"2022","NLD","hisced","low","freq",3.54544040981233
"2022","NLD","hisced","low","freq_se",0.425134681203148
"2022","NLD","hisced","medium","freq",30.6816402962392
"2022","NLD","hisced","medium","freq_se",0.989406848342176
"2022","POL","hisced","high","freq",77.5387261272514
"2022","POL","hisced","high","freq_se",0.709989735939423
"2022","POL","hisced","low","freq",0.352702358479388
"2022","POL","hisced","low","freq_se",0.0840312897167694
"2022","POL","hisced","medium","freq",22.1085715142692
"2022","POL","hisced","medium","freq_se",0.702465251032372
"2022","PRT","hisced","high","freq",59.1061489061262
"2022","PRT","hisced","high","freq_se",0.95650527052125
"2022","PRT","hisced","low","freq",11.6921273101335
"2022","PRT","hisced","low","freq_se",0.70061100382555
"2022","PRT","hisced","medium","freq",29.2017237837403
"2022","PRT","hisced","medium","freq_se",0.702383381126335
"2022","ROU","hisced","high","freq",81.4519795188488
"2022","ROU","hisced","high","freq_se",0.750768733466267
"2022","ROU","hisced","low","freq",1.77935674776126
"2022","ROU","hisced","low","freq_se",0.298147880974514
"2022","ROU","hisced","medium","freq",16.76866373339
"2022","ROU","hisced","medium","freq_se",0.636627236878626
"2022","SVK","hisced","high","freq",80.1717074853681
"2022","SVK","hisced","high","freq_se",1.22296340230568
"2022","SVK","hisced","low","freq",0.662685392934663
"2022","SVK","hisced","low","freq_se",0.162350667536066
"2022","SVK","hisced","medium","freq",19.1656071216972
"2022","SVK","hisced","medium","freq_se",1.16946141926291
"2022","SVN","hisced","high","freq",69.1972172443469
"2022","SVN","hisced","high","freq_se",0.857699297599912
"2022","SVN","hisced","low","freq",0.291574458397862
"2022","SVN","hisced","low","freq_se",0.116692064786817
"2022","SVN","hisced","medium","freq",30.5112082972552
"2022","SVN","hisced","medium","freq_se",0.831383094817267
"2022","SWE","hisced","high","freq",85.7140040342975
"2022","SWE","hisced","high","freq_se",0.750780339521079
"2022","SWE","hisced","low","freq",2.18977577523691
"2022","SWE","hisced","low","freq_se",0.287000627162542
"2022","SWE","hisced","medium","freq",12.0962201904656
"2022","SWE","hisced","medium","freq_se",0.666093045416574
"2022","EU28","hisced","high","freq",77.4446603079429
"2022","EU28","hisced","high","freq_se",0.259702966194999
"2022","EU28","hisced","low","freq",2.32749657302892
"2022","EU28","hisced","low","freq_se",0.0952656044874993
"2022","EU28","hisced","medium","freq",20.2278431190282
"2022","EU28","hisced","medium","freq_se",0.244442122450049
