year,area,concept,escs,metric,value
2000,AUT,escs,quart_1,freq,14.5242776755177
2000,AUT,escs,quart_1,freq_se,0.618143805476636
2000,AUT,escs,quart_2,freq,29.6982068452569
2000,AUT,escs,quart_2,freq_se,0.74493937691847
2000,AUT,escs,quart_3,freq,30.5895495174959
2000,AUT,escs,quart_3,freq_se,0.749586517411748
2000,AUT,escs,quart_4,freq,25.1879659617295
2000,AUT,escs,quart_4,freq_se,0.861636897538324
2000,BEL,escs,quart_1,freq,18.6457260769547
2000,BEL,escs,quart_1,freq_se,0.676175041175136
2000,BEL,escs,quart_2,freq,23.8380191623619
2000,BEL,escs,quart_2,freq_se,0.619851804391621
2000,BEL,escs,quart_3,freq,28.4866978135325
2000,BEL,escs,quart_3,freq_se,0.652891748584371
2000,BEL,escs,quart_4,freq,29.0295569471509
2000,BEL,escs,quart_4,freq_se,0.845186291530248
2000,BGR,escs,quart_1,freq,30.1990614634488
2000,BGR,escs,quart_1,freq_se,1.58173282498992
2000,BGR,escs,quart_2,freq,27.0921732421316
2000,BGR,escs,quart_2,freq_se,0.968510164566664
2000,BGR,escs,quart_3,freq,20.1334481805338
2000,BGR,escs,quart_3,freq_se,0.849450061221163
2000,BGR,escs,quart_4,freq,22.5753171138858
2000,BGR,escs,quart_4,freq_se,1.67746645170773
2000,CZE,escs,quart_1,freq,26.7118197073844
2000,CZE,escs,quart_1,freq_se,0.863267466192533
2000,CZE,escs,quart_2,freq,29.8905357350056
2000,CZE,escs,quart_2,freq_se,0.745914399921933
2000,CZE,escs,quart_3,freq,29.2622148281494
2000,CZE,escs,quart_3,freq_se,0.755973541075316
2000,CZE,escs,quart_4,freq,14.1354297294607
2000,CZE,escs,quart_4,freq_se,0.6819845697418
2000,DEU,escs,quart_1,freq,10.7561924318158
2000,DEU,escs,quart_1,freq_se,0.621782101725664
2000,DEU,escs,quart_2,freq,26.0566611268895
2000,DEU,escs,quart_2,freq_se,0.71733049324464
2000,DEU,escs,quart_3,freq,30.0035700892858
2000,DEU,escs,quart_3,freq_se,0.731879218309434
2000,DEU,escs,quart_4,freq,33.1835763520088
2000,DEU,escs,quart_4,freq_se,0.871799609087045
2000,DNK,escs,quart_1,freq,7.79258415813631
2000,DNK,escs,quart_1,freq_se,0.503396520183648
2000,DNK,escs,quart_2,freq,20.5080443719493
2000,DNK,escs,quart_2,freq_se,0.772158527250427
2000,DNK,escs,quart_3,freq,26.2253683540498
2000,DNK,escs,quart_3,freq_se,0.799987640346665
2000,DNK,escs,quart_4,freq,45.4740031158647
2000,DNK,escs,quart_4,freq_se,1.18745803223982
2000,ESP,escs,quart_1,freq,42.959325276891
2000,ESP,escs,quart_1,freq_se,1.66063477804044
2000,ESP,escs,quart_2,freq,19.8465632652812
2000,ESP,escs,quart_2,freq_se,0.686894243596418
2000,ESP,escs,quart_3,freq,10.1869002544371
2000,ESP,escs,quart_3,freq_se,0.456132933076388
2000,ESP,escs,quart_4,freq,27.0072112033907
2000,ESP,escs,quart_4,freq_se,1.63610989395532
2000,FIN,escs,quart_1,freq,17.9247666891
2000,FIN,escs,quart_1,freq_se,0.807902505983919
2000,FIN,escs,quart_2,freq,24.2574507830925
2000,FIN,escs,quart_2,freq_se,0.703396020598241
2000,FIN,escs,quart_3,freq,27.4783503437704
2000,FIN,escs,quart_3,freq_se,0.779226654224825
2000,FIN,escs,quart_4,freq,30.339432184037
2000,FIN,escs,quart_4,freq_se,1.06031603825056
2000,FRA,escs,quart_1,freq,23.9606673626067
2000,FRA,escs,quart_1,freq_se,1.06856007654981
2000,FRA,escs,quart_2,freq,28.62148541651
2000,FRA,escs,quart_2,freq_se,0.712994242022818
2000,FRA,escs,quart_3,freq,28.6253291529654
2000,FRA,escs,quart_3,freq_se,0.828357915636166
2000,FRA,escs,quart_4,freq,18.792518067918
2000,FRA,escs,quart_4,freq_se,0.843299694636542
2000,GBR,escs,quart_1,freq,14.5612698974247
2000,GBR,escs,quart_1,freq_se,0.735621659145148
2000,GBR,escs,quart_2,freq,22.7726745228221
2000,GBR,escs,quart_2,freq_se,0.707625807622739
2000,GBR,escs,quart_3,freq,29.6928887768549
2000,GBR,escs,quart_3,freq_se,0.705510577327383
2000,GBR,escs,quart_4,freq,32.9731668028982
2000,GBR,escs,quart_4,freq_se,0.953609566056132
2000,GRC,escs,quart_1,freq,32.3044442431489
2000,GRC,escs,quart_1,freq_se,1.25097519111928
2000,GRC,escs,quart_2,freq,20.9131153098387
2000,GRC,escs,quart_2,freq_se,0.859142107141113
2000,GRC,escs,quart_3,freq,21.9892542241011
2000,GRC,escs,quart_3,freq_se,0.909049137512443
2000,GRC,escs,quart_4,freq,24.7931862229113
2000,GRC,escs,quart_4,freq_se,1.36018376744093
2000,HUN,escs,quart_1,freq,35.7668469156933
2000,HUN,escs,quart_1,freq_se,1.43894636073556
2000,HUN,escs,quart_2,freq,27.8357190066768
2000,HUN,escs,quart_2,freq_se,0.984902224464876
2000,HUN,escs,quart_3,freq,17.5302735747563
2000,HUN,escs,quart_3,freq_se,0.740146341027714
2000,HUN,escs,quart_4,freq,18.8671605028736
2000,HUN,escs,quart_4,freq_se,1.1982724953261
2000,IRL,escs,quart_1,freq,26.4649168498619
2000,IRL,escs,quart_1,freq_se,1.12991642670249
2000,IRL,escs,quart_2,freq,24.218167322605
2000,IRL,escs,quart_2,freq_se,0.865804200866575
2000,IRL,escs,quart_3,freq,24.6785604887489
2000,IRL,escs,quart_3,freq_se,0.879580110339054
2000,IRL,escs,quart_4,freq,24.6383553387842
2000,IRL,escs,quart_4,freq_se,1.28292618173736
2000,ITA,escs,quart_1,freq,29.6050045290009
2000,ITA,escs,quart_1,freq_se,0.920595254587204
2000,ITA,escs,quart_2,freq,24.6289327110415
2000,ITA,escs,quart_2,freq_se,0.675020569242501
2000,ITA,escs,quart_3,freq,25.7094100688261
2000,ITA,escs,quart_3,freq_se,0.724527014661408
2000,ITA,escs,quart_4,freq,20.0566526911315
2000,ITA,escs,quart_4,freq_se,0.862235267589917
2000,LUX,escs,quart_1,freq,30.0395483247045
2000,LUX,escs,quart_1,freq_se,0.659069032441964
2000,LUX,escs,quart_2,freq,20.8619338793072
2000,LUX,escs,quart_2,freq_se,0.742106343911165
2000,LUX,escs,quart_3,freq,23.2306454669615
2000,LUX,escs,quart_3,freq_se,0.638020066168754
2000,LUX,escs,quart_4,freq,25.8678723290269
2000,LUX,escs,quart_4,freq_se,0.666209126524655
2000,LVA,escs,quart_1,freq,36.3175638225731
2000,LVA,escs,quart_1,freq_se,1.36210454460504
2000,LVA,escs,quart_2,freq,28.5894886952556
2000,LVA,escs,quart_2,freq_se,0.980365200262615
2000,LVA,escs,quart_3,freq,29.8730591881602
2000,LVA,escs,quart_3,freq_se,1.45987174834628
2000,LVA,escs,quart_4,freq,5.21988829401113
2000,LVA,escs,quart_4,freq_se,0.473532858655902
2000,NLD,escs,quart_1,freq,18.8423447389946
2000,NLD,escs,quart_1,freq_se,1.19756827535106
2000,NLD,escs,quart_2,freq,24.6859298225952
2000,NLD,escs,quart_2,freq_se,1.11901397391968
2000,NLD,escs,quart_3,freq,27.5112977108555
2000,NLD,escs,quart_3,freq_se,0.982592608472965
2000,NLD,escs,quart_4,freq,28.9604277275547
2000,NLD,escs,quart_4,freq_se,1.2087238740591
2000,POL,escs,quart_1,freq,41.2544426180015
2000,POL,escs,quart_1,freq_se,1.5151586612682
2000,POL,escs,quart_2,freq,26.5237307239695
2000,POL,escs,quart_2,freq_se,0.936610723107382
2000,POL,escs,quart_3,freq,18.0744028578416
2000,POL,escs,quart_3,freq_se,0.986340214935249
2000,POL,escs,quart_4,freq,14.1474238001873
2000,POL,escs,quart_4,freq_se,0.902811723500958
2000,PRT,escs,quart_1,freq,53.2017982022916
2000,PRT,escs,quart_1,freq_se,1.62991674179733
2000,PRT,escs,quart_2,freq,18.6219402396069
2000,PRT,escs,quart_2,freq_se,0.708011986695526
2000,PRT,escs,quart_3,freq,11.861021322515
2000,PRT,escs,quart_3,freq_se,0.582556652130103
2000,PRT,escs,quart_4,freq,16.3152402355865
2000,PRT,escs,quart_4,freq_se,1.32694789126617
2000,SWE,escs,quart_1,freq,8.70020974967998
2000,SWE,escs,quart_1,freq_se,0.432552891221672
2000,SWE,escs,quart_2,freq,19.9461169117003
2000,SWE,escs,quart_2,freq_se,0.745129519982501
2000,SWE,escs,quart_3,freq,29.6560064278957
2000,SWE,escs,quart_3,freq_se,0.797114449096317
2000,SWE,escs,quart_4,freq,41.697666910724
2000,SWE,escs,quart_4,freq_se,1.17729840600361
2000,EU28,escs,quart_1,freq,25.000206941556
2000,EU28,escs,quart_1,freq_se,0.358339916076269
2000,EU28,escs,quart_2,freq,25.0025899356889
2000,EU28,escs,quart_2,freq_se,0.278977268935968
2000,EU28,escs,quart_3,freq,25.0037045838188
2000,EU28,escs,quart_3,freq_se,0.240340968241317
2000,EU28,escs,quart_4,freq,24.9934985389364
2000,EU28,escs,quart_4,freq_se,0.314484249475387
2003,AUT,escs,quart_1,freq,18.6365841027081
2003,AUT,escs,quart_1,freq_se,0.993232281276213
2003,AUT,escs,quart_2,freq,28.6418896434438
2003,AUT,escs,quart_2,freq_se,0.878270305781014
2003,AUT,escs,quart_3,freq,29.2547509092932
2003,AUT,escs,quart_3,freq_se,0.808458352438994
2003,AUT,escs,quart_4,freq,23.4667753445549
2003,AUT,escs,quart_4,freq_se,1.10730787347392
2003,BEL,escs,quart_1,freq,18.0035173708085
2003,BEL,escs,quart_1,freq_se,0.772033123501446
2003,BEL,escs,quart_2,freq,22.338232853045
2003,BEL,escs,quart_2,freq_se,0.672667549263642
2003,BEL,escs,quart_3,freq,25.5539677737715
2003,BEL,escs,quart_3,freq_se,0.648775730070378
2003,BEL,escs,quart_4,freq,34.1042820023751
2003,BEL,escs,quart_4,freq_se,1.02555870713378
2003,CZE,escs,quart_1,freq,16.112091505373
2003,CZE,escs,quart_1,freq_se,0.712318140461517
2003,CZE,escs,quart_2,freq,25.1942465453796
2003,CZE,escs,quart_2,freq_se,0.81329554764858
2003,CZE,escs,quart_3,freq,31.8854878977904
2003,CZE,escs,quart_3,freq_se,0.788168059110715
2003,CZE,escs,quart_4,freq,26.8081740514571
2003,CZE,escs,quart_4,freq_se,1.06115228574847
2003,DEU,escs,quart_1,freq,16.5979743585197
2003,DEU,escs,quart_1,freq_se,0.762201487124213
2003,DEU,escs,quart_2,freq,23.0957680546474
2003,DEU,escs,quart_2,freq_se,0.788690569913495
2003,DEU,escs,quart_3,freq,28.3009540242193
2003,DEU,escs,quart_3,freq_se,0.81708648243905
2003,DEU,escs,quart_4,freq,32.0053035626136
2003,DEU,escs,quart_4,freq_se,1.04542302208752
2003,DNK,escs,quart_1,freq,10.7676619600887
2003,DNK,escs,quart_1,freq_se,0.673712926594955
2003,DNK,escs,quart_2,freq,21.412718468346
2003,DNK,escs,quart_2,freq_se,0.789425359877446
2003,DNK,escs,quart_3,freq,30.7088270398312
2003,DNK,escs,quart_3,freq_se,0.750053322180711
2003,DNK,escs,quart_4,freq,37.1107925317341
2003,DNK,escs,quart_4,freq_se,1.3447451122239
2003,ESP,escs,quart_1,freq,34.9302335657314
2003,ESP,escs,quart_1,freq_se,1.52983891502923
2003,ESP,escs,quart_2,freq,22.2298367913425
2003,ESP,escs,quart_2,freq_se,0.589636805879603
2003,ESP,escs,quart_3,freq,15.2190496757155
2003,ESP,escs,quart_3,freq_se,0.649325955688282
2003,ESP,escs,quart_4,freq,27.6208799672107
2003,ESP,escs,quart_4,freq_se,1.50449503910215
2003,FIN,escs,quart_1,freq,13.2008798420293
2003,FIN,escs,quart_1,freq_se,0.539676914903723
2003,FIN,escs,quart_2,freq,23.2880466069947
2003,FIN,escs,quart_2,freq_se,0.672532478978179
2003,FIN,escs,quart_3,freq,28.1883442651007
2003,FIN,escs,quart_3,freq_se,0.799469925089866
2003,FIN,escs,quart_4,freq,35.3227292858753
2003,FIN,escs,quart_4,freq_se,0.980034782860591
2003,FRA,escs,quart_1,freq,28.5502464540021
2003,FRA,escs,quart_1,freq_se,1.15755238201188
2003,FRA,escs,quart_2,freq,26.1701608385481
2003,FRA,escs,quart_2,freq_se,0.941743392895349
2003,FRA,escs,quart_3,freq,25.7747134927969
2003,FRA,escs,quart_3,freq_se,0.878596440215912
2003,FRA,escs,quart_4,freq,19.5048792146529
2003,FRA,escs,quart_4,freq_se,1.05440502370214
2003,GBR,escs,quart_1,freq,18.6317178273932
2003,GBR,escs,quart_1,freq_se,0.657574503178826
2003,GBR,escs,quart_2,freq,27.8574401818411
2003,GBR,escs,quart_2,freq_se,0.904064818617032
2003,GBR,escs,quart_3,freq,27.1396356154219
2003,GBR,escs,quart_3,freq_se,0.757158356948928
2003,GBR,escs,quart_4,freq,26.3712063753437
2003,GBR,escs,quart_4,freq_se,1.12627743812261
2003,GRC,escs,quart_1,freq,33.7451263386007
2003,GRC,escs,quart_1,freq_se,1.41391881735082
2003,GRC,escs,quart_2,freq,25.1285055975763
2003,GRC,escs,quart_2,freq_se,0.9334659976563
2003,GRC,escs,quart_3,freq,20.8949735466228
2003,GRC,escs,quart_3,freq_se,0.728350460873889
2003,GRC,escs,quart_4,freq,20.2313945172002
2003,GRC,escs,quart_4,freq_se,1.76471365420381
2003,HUN,escs,quart_1,freq,31.6436199701219
2003,HUN,escs,quart_1,freq_se,0.978418773539779
2003,HUN,escs,quart_2,freq,27.751768014362
2003,HUN,escs,quart_2,freq_se,0.863245388587677
2003,HUN,escs,quart_3,freq,20.8030321127158
2003,HUN,escs,quart_3,freq_se,0.682730139064504
2003,HUN,escs,quart_4,freq,19.8015799028003
2003,HUN,escs,quart_4,freq_se,0.92693662876805
2003,IRL,escs,quart_1,freq,26.4140169641779
2003,IRL,escs,quart_1,freq_se,1.15239770018008
2003,IRL,escs,quart_2,freq,25.8876884812605
2003,IRL,escs,quart_2,freq_se,0.84996109250405
2003,IRL,escs,quart_3,freq,26.7714161768499
2003,IRL,escs,quart_3,freq_se,0.732995504404964
2003,IRL,escs,quart_4,freq,20.9268783777117
2003,IRL,escs,quart_4,freq_se,1.2810867195019
2003,ITA,escs,quart_1,freq,34.3401626012101
2003,ITA,escs,quart_1,freq_se,0.968484437297877
2003,ITA,escs,quart_2,freq,22.792899103246
2003,ITA,escs,quart_2,freq_se,0.511346226158385
2003,ITA,escs,quart_3,freq,22.768683082975
2003,ITA,escs,quart_3,freq_se,0.549185499749148
2003,ITA,escs,quart_4,freq,20.0982552125689
2003,ITA,escs,quart_4,freq_se,0.921924078551924
2003,LUX,escs,quart_1,freq,21.3151918804075
2003,LUX,escs,quart_1,freq_se,0.592182524608856
2003,LUX,escs,quart_2,freq,17.893170450155
2003,LUX,escs,quart_2,freq_se,0.608461493100056
2003,LUX,escs,quart_3,freq,25.6995903483485
2003,LUX,escs,quart_3,freq_se,0.653145057870967
2003,LUX,escs,quart_4,freq,35.092047321089
2003,LUX,escs,quart_4,freq_se,0.6231325544468
2003,LVA,escs,quart_1,freq,19.3816056009504
2003,LVA,escs,quart_1,freq_se,1.26552026188621
2003,LVA,escs,quart_2,freq,28.7735682968045
2003,LVA,escs,quart_2,freq_se,1.09081141830461
2003,LVA,escs,quart_3,freq,34.5990533066537
2003,LVA,escs,quart_3,freq_se,0.910621864485465
2003,LVA,escs,quart_4,freq,17.2457727955915
2003,LVA,escs,quart_4,freq_se,0.977900276588652
2003,NLD,escs,quart_1,freq,13.2614551561739
2003,NLD,escs,quart_1,freq_se,0.83347832888761
2003,NLD,escs,quart_2,freq,21.4495121889739
2003,NLD,escs,quart_2,freq_se,1.07502829331547
2003,NLD,escs,quart_3,freq,28.9631564130466
2003,NLD,escs,quart_3,freq_se,1.03067204823038
2003,NLD,escs,quart_4,freq,36.3258762418056
2003,NLD,escs,quart_4,freq_se,1.11013630213849
2003,POL,escs,quart_1,freq,32.0140052254365
2003,POL,escs,quart_1,freq_se,1.10430674213417
2003,POL,escs,quart_2,freq,28.8885073467784
2003,POL,escs,quart_2,freq_se,0.68235502789096
2003,POL,escs,quart_3,freq,22.0015573051839
2003,POL,escs,quart_3,freq_se,0.770608809962214
2003,POL,escs,quart_4,freq,17.0959301226012
2003,POL,escs,quart_4,freq_se,0.766327790750024
2003,PRT,escs,quart_1,freq,54.0911036901132
2003,PRT,escs,quart_1,freq_se,1.48772614237856
2003,PRT,escs,quart_2,freq,16.723879556509
2003,PRT,escs,quart_2,freq_se,0.795559757269722
2003,PRT,escs,quart_3,freq,12.570669563555
2003,PRT,escs,quart_3,freq_se,0.635866854443539
2003,PRT,escs,quart_4,freq,16.6143471898228
2003,PRT,escs,quart_4,freq_se,1.15258320612717
2003,SVK,escs,quart_1,freq,24.6243643875933
2003,SVK,escs,quart_1,freq_se,1.26824924533295
2003,SVK,escs,quart_2,freq,30.1210268938869
2003,SVK,escs,quart_2,freq_se,0.826450995807497
2003,SVK,escs,quart_3,freq,25.9432109129084
2003,SVK,escs,quart_3,freq_se,0.723142022087594
2003,SVK,escs,quart_4,freq,19.3113978056114
2003,SVK,escs,quart_4,freq_se,0.870373102123716
2003,SWE,escs,quart_1,freq,11.0075833625947
2003,SWE,escs,quart_1,freq_se,0.693391973665709
2003,SWE,escs,quart_2,freq,20.9044797126352
2003,SWE,escs,quart_2,freq_se,0.725666908267911
2003,SWE,escs,quart_3,freq,29.9012739781862
2003,SWE,escs,quart_3,freq_se,0.749876232911613
2003,SWE,escs,quart_4,freq,38.1866629465838
2003,SWE,escs,quart_4,freq_se,1.16884219360141
2003,EU28,escs,quart_1,freq,25.0018491246038
2003,EU28,escs,quart_1,freq_se,0.338799848551131
2003,EU28,escs,quart_2,freq,24.9990471487588
2003,EU28,escs,quart_2,freq_se,0.256081142449954
2003,EU28,escs,quart_3,freq,25.0044193118221
2003,EU28,escs,quart_3,freq_se,0.259314542769873
2003,EU28,escs,quart_4,freq,24.9946844148152
2003,EU28,escs,quart_4,freq_se,0.298609990750454
2006,AUT,escs,quart_1,freq,13.4166875258764
2006,AUT,escs,quart_1,freq_se,0.932397265552461
2006,AUT,escs,quart_2,freq,28.9144764265927
2006,AUT,escs,quart_2,freq_se,0.880656442063904
2006,AUT,escs,quart_3,freq,31.8867125118827
2006,AUT,escs,quart_3,freq_se,0.856816619416261
2006,AUT,escs,quart_4,freq,25.7821235356482
2006,AUT,escs,quart_4,freq_se,1.08007152910052
2006,BEL,escs,quart_1,freq,15.5603076703166
2006,BEL,escs,quart_1,freq_se,0.657795817984731
2006,BEL,escs,quart_2,freq,23.10944493583
2006,BEL,escs,quart_2,freq_se,0.569324682836391
2006,BEL,escs,quart_3,freq,26.345072776661
2006,BEL,escs,quart_3,freq_se,0.539065860410757
2006,BEL,escs,quart_4,freq,34.9851746171923
2006,BEL,escs,quart_4,freq_se,0.846880976019704
2006,BGR,escs,quart_1,freq,40.4930037733702
2006,BGR,escs,quart_1,freq_se,1.81894488830955
2006,BGR,escs,quart_2,freq,21.6818837291706
2006,BGR,escs,quart_2,freq_se,0.904260261217848
2006,BGR,escs,quart_3,freq,16.6364736428566
2006,BGR,escs,quart_3,freq_se,0.7799101583338
2006,BGR,escs,quart_4,freq,21.1886388546026
2006,BGR,escs,quart_4,freq_se,1.65271134661942
2006,CZE,escs,quart_1,freq,23.6978023041022
2006,CZE,escs,quart_1,freq_se,0.957913588102164
2006,CZE,escs,quart_2,freq,27.2078792554929
2006,CZE,escs,quart_2,freq_se,0.723875088751159
2006,CZE,escs,quart_3,freq,31.3246667271757
2006,CZE,escs,quart_3,freq_se,0.782474819149748
2006,CZE,escs,quart_4,freq,17.7696517132292
2006,CZE,escs,quart_4,freq_se,0.765071492412943
2006,DEU,escs,quart_1,freq,12.3538148209817
2006,DEU,escs,quart_1,freq_se,0.900217837305632
2006,DEU,escs,quart_2,freq,23.9759325083487
2006,DEU,escs,quart_2,freq_se,0.7215231388177
2006,DEU,escs,quart_3,freq,30.2148576483381
2006,DEU,escs,quart_3,freq_se,0.783775248407783
2006,DEU,escs,quart_4,freq,33.4553950223315
2006,DEU,escs,quart_4,freq_se,1.16305443652481
2006,DNK,escs,quart_1,freq,5.8374291618889
2006,DNK,escs,quart_1,freq_se,0.427837867409196
2006,DNK,escs,quart_2,freq,17.569679156216
2006,DNK,escs,quart_2,freq_se,0.844260558576746
2006,DNK,escs,quart_3,freq,28.9942587796959
2006,DNK,escs,quart_3,freq_se,0.8073349411232
2006,DNK,escs,quart_4,freq,47.5986329021992
2006,DNK,escs,quart_4,freq_se,1.36236962013845
2006,ESP,escs,quart_1,freq,36.2832277018643
2006,ESP,escs,quart_1,freq_se,1.16110519136259
2006,ESP,escs,quart_2,freq,22.7296681411242
2006,ESP,escs,quart_2,freq_se,0.699866902163773
2006,ESP,escs,quart_3,freq,14.8555502008414
2006,ESP,escs,quart_3,freq_se,0.554778231973649
2006,ESP,escs,quart_4,freq,26.13155395617
2006,ESP,escs,quart_4,freq_se,1.12767784928983
2006,EST,escs,quart_1,freq,22.7645066558003
2006,EST,escs,quart_1,freq_se,0.829544155990415
2006,EST,escs,quart_2,freq,25.3247413530749
2006,EST,escs,quart_2,freq_se,0.745117999776268
2006,EST,escs,quart_3,freq,28.0637721892503
2006,EST,escs,quart_3,freq_se,0.745372937180346
2006,EST,escs,quart_4,freq,23.8469798018745
2006,EST,escs,quart_4,freq_se,0.981342475447331
2006,FIN,escs,quart_1,freq,8.3948179831399
2006,FIN,escs,quart_1,freq_se,0.500961830881124
2006,FIN,escs,quart_2,freq,23.9687491268016
2006,FIN,escs,quart_2,freq_se,0.692623035291183
2006,FIN,escs,quart_3,freq,31.6752655791936
2006,FIN,escs,quart_3,freq_se,0.707960574337093
2006,FIN,escs,quart_4,freq,35.9611673108649
2006,FIN,escs,quart_4,freq_se,1.04195877144633
2006,FRA,escs,quart_1,freq,26.8922677911474
2006,FRA,escs,quart_1,freq_se,1.19450237412314
2006,FRA,escs,quart_2,freq,27.2287354747474
2006,FRA,escs,quart_2,freq_se,0.949168374704713
2006,FRA,escs,quart_3,freq,26.1498438712162
2006,FRA,escs,quart_3,freq_se,0.956794242600486
2006,FRA,escs,quart_4,freq,19.729152862889
2006,FRA,escs,quart_4,freq_se,1.17502481090656
2006,GBR,escs,quart_1,freq,13.3184817131571
2006,GBR,escs,quart_1,freq_se,0.55174065348793
2006,GBR,escs,quart_2,freq,25.8763811928856
2006,GBR,escs,quart_2,freq_se,0.561823891723168
2006,GBR,escs,quart_3,freq,30.9454111210217
2006,GBR,escs,quart_3,freq_se,0.613168094175067
2006,GBR,escs,quart_4,freq,29.8597259729356
2006,GBR,escs,quart_4,freq_se,0.696117250425237
2006,GRC,escs,quart_1,freq,29.3111254655007
2006,GRC,escs,quart_1,freq_se,1.23527704006764
2006,GRC,escs,quart_2,freq,24.8069940944479
2006,GRC,escs,quart_2,freq_se,0.785449803028851
2006,GRC,escs,quart_3,freq,20.7043520170496
2006,GRC,escs,quart_3,freq_se,0.749966283922985
2006,GRC,escs,quart_4,freq,25.1775284230018
2006,GRC,escs,quart_4,freq_se,1.37004233932
2006,HRV,escs,quart_1,freq,29.478279614886
2006,HRV,escs,quart_1,freq_se,0.743127523202635
2006,HRV,escs,quart_2,freq,32.1430603009648
2006,HRV,escs,quart_2,freq_se,0.743152978940359
2006,HRV,escs,quart_3,freq,21.2380335438071
2006,HRV,escs,quart_3,freq_se,0.568332447333619
2006,HRV,escs,quart_4,freq,17.140626540342
2006,HRV,escs,quart_4,freq_se,0.726228025635482
2006,HUN,escs,quart_1,freq,31.472128999979
2006,HUN,escs,quart_1,freq_se,1.21515016852799
2006,HUN,escs,quart_2,freq,27.625576423042
2006,HUN,escs,quart_2,freq_se,0.853541061802911
2006,HUN,escs,quart_3,freq,22.1888742461669
2006,HUN,escs,quart_3,freq_se,0.749528454945478
2006,HUN,escs,quart_4,freq,18.7134203308121
2006,HUN,escs,quart_4,freq_se,1.15255885154956
2006,IRL,escs,quart_1,freq,16.0674215244601
2006,IRL,escs,quart_1,freq_se,0.816583112557001
2006,IRL,escs,quart_2,freq,24.1502990912432
2006,IRL,escs,quart_2,freq_se,0.792245415449837
2006,IRL,escs,quart_3,freq,27.0698670601246
2006,IRL,escs,quart_3,freq_se,0.707974812726484
2006,IRL,escs,quart_4,freq,32.7124123241721
2006,IRL,escs,quart_4,freq_se,1.43452556194813
2006,ITA,escs,quart_1,freq,31.0269276151358
2006,ITA,escs,quart_1,freq_se,0.75564999856529
2006,ITA,escs,quart_2,freq,24.9319025776771
2006,ITA,escs,quart_2,freq_se,0.636257811578419
2006,ITA,escs,quart_3,freq,24.6655002622779
2006,ITA,escs,quart_3,freq_se,0.563015925970317
2006,ITA,escs,quart_4,freq,19.3756695449093
2006,ITA,escs,quart_4,freq_se,0.622434113712971
2006,LTU,escs,quart_1,freq,32.8096108300751
2006,LTU,escs,quart_1,freq_se,1.00789040514533
2006,LTU,escs,quart_2,freq,20.7043781769913
2006,LTU,escs,quart_2,freq_se,0.660106692207214
2006,LTU,escs,quart_3,freq,24.2085176412429
2006,LTU,escs,quart_3,freq_se,0.626354563643341
2006,LTU,escs,quart_4,freq,22.2774933516908
2006,LTU,escs,quart_4,freq_se,1.14918156854523
2006,LUX,escs,quart_1,freq,21.8723199124207
2006,LUX,escs,quart_1,freq_se,0.559105444288121
2006,LUX,escs,quart_2,freq,18.5217600146562
2006,LUX,escs,quart_2,freq_se,0.532730333190577
2006,LUX,escs,quart_3,freq,24.8589977863792
2006,LUX,escs,quart_3,freq_se,0.660645630048747
2006,LUX,escs,quart_4,freq,34.746922286544
2006,LUX,escs,quart_4,freq_se,0.587296635838389
2006,LVA,escs,quart_1,freq,31.7846894452823
2006,LVA,escs,quart_1,freq_se,1.0494404708418
2006,LVA,escs,quart_2,freq,23.1202633224665
2006,LVA,escs,quart_2,freq_se,0.698183521472113
2006,LVA,escs,quart_3,freq,28.8028514374589
2006,LVA,escs,quart_3,freq_se,0.824902461030985
2006,LVA,escs,quart_4,freq,16.2921957947923
2006,LVA,escs,quart_4,freq_se,0.813217696511905
2006,NLD,escs,quart_1,freq,10.491061664186
2006,NLD,escs,quart_1,freq_se,0.600932644819662
2006,NLD,escs,quart_2,freq,20.7695815816539
2006,NLD,escs,quart_2,freq_se,0.746397291381224
2006,NLD,escs,quart_3,freq,30.0191152052453
2006,NLD,escs,quart_3,freq_se,0.813236016780506
2006,NLD,escs,quart_4,freq,38.7202415489147
2006,NLD,escs,quart_4,freq_se,1.37705396163092
2006,POL,escs,quart_1,freq,44.882371428059
2006,POL,escs,quart_1,freq_se,1.07215029722399
2006,POL,escs,quart_2,freq,26.6169270824621
2006,POL,escs,quart_2,freq_se,0.77461863189976
2006,POL,escs,quart_3,freq,15.4161257844214
2006,POL,escs,quart_3,freq_se,0.610680177645215
2006,POL,escs,quart_4,freq,13.0845757050574
2006,POL,escs,quart_4,freq_se,0.681275845578022
2006,PRT,escs,quart_1,freq,53.2790176098063
2006,PRT,escs,quart_1,freq_se,1.39993170782194
2006,PRT,escs,quart_2,freq,17.339120368048
2006,PRT,escs,quart_2,freq_se,0.776181096230482
2006,PRT,escs,quart_3,freq,12.4524776017577
2006,PRT,escs,quart_3,freq_se,0.620654260730381
2006,PRT,escs,quart_4,freq,16.929384420388
2006,PRT,escs,quart_4,freq_se,1.04469460031426
2006,ROU,escs,quart_1,freq,45.0010258805663
2006,ROU,escs,quart_1,freq_se,1.61098845105165
2006,ROU,escs,quart_2,freq,27.6823942871908
2006,ROU,escs,quart_2,freq_se,1.2983232274652
2006,ROU,escs,quart_3,freq,16.1767284125689
2006,ROU,escs,quart_3,freq_se,0.635282717237561
2006,ROU,escs,quart_4,freq,11.139851419674
2006,ROU,escs,quart_4,freq_se,1.15319412879026
2006,SVK,escs,quart_1,freq,26.7285717467809
2006,SVK,escs,quart_1,freq_se,1.11977266255648
2006,SVK,escs,quart_2,freq,30.3255877197539
2006,SVK,escs,quart_2,freq_se,0.845176786030136
2006,SVK,escs,quart_3,freq,22.3832579273344
2006,SVK,escs,quart_3,freq_se,0.725689487388079
2006,SVK,escs,quart_4,freq,20.5625826061308
2006,SVK,escs,quart_4,freq_se,0.886974942809907
2006,SVN,escs,quart_1,freq,22.6554436860456
2006,SVN,escs,quart_1,freq_se,0.558621143350737
2006,SVN,escs,quart_2,freq,27.9045236265526
2006,SVN,escs,quart_2,freq_se,0.670146151072669
2006,SVN,escs,quart_3,freq,23.6289534579767
2006,SVN,escs,quart_3,freq_se,0.638328142017764
2006,SVN,escs,quart_4,freq,25.8110792294252
2006,SVN,escs,quart_4,freq_se,0.624432107025192
2006,SWE,escs,quart_1,freq,7.98228212464674
2006,SWE,escs,quart_1,freq_se,0.538728105856413
2006,SWE,escs,quart_2,freq,18.7696715739378
2006,SWE,escs,quart_2,freq_se,0.688035941135029
2006,SWE,escs,quart_3,freq,31.3071704879975
2006,SWE,escs,quart_3,freq_se,0.845079872805686
2006,SWE,escs,quart_4,freq,41.940875813418
2006,SWE,escs,quart_4,freq_se,1.01061016386563
2006,EU28,escs,quart_1,freq,25.0000900187707
2006,EU28,escs,quart_1,freq_se,0.294975192708364
2006,EU28,escs,quart_2,freq,25.0012056718394
2006,EU28,escs,quart_2,freq_se,0.246530343262077
2006,EU28,escs,quart_3,freq,24.9990189164709
2006,EU28,escs,quart_3,freq_se,0.231164063202795
2006,EU28,escs,quart_4,freq,24.999685392919
2006,EU28,escs,quart_4,freq_se,0.317204492021596
2009,AUT,escs,quart_1,freq,16.3294920162389
2009,AUT,escs,quart_1,freq_se,0.689916404672035
2009,AUT,escs,quart_2,freq,29.2635878214656
2009,AUT,escs,quart_2,freq_se,0.704150375072507
2009,AUT,escs,quart_3,freq,31.5448045283303
2009,AUT,escs,quart_3,freq_se,0.818106626891735
2009,AUT,escs,quart_4,freq,22.8621156339652
2009,AUT,escs,quart_4,freq_se,0.768473599151569
2009,BEL,escs,quart_1,freq,16.7643588284261
2009,BEL,escs,quart_1,freq_se,0.681016722361886
2009,BEL,escs,quart_2,freq,23.4328007996186
2009,BEL,escs,quart_2,freq_se,0.575792715792781
2009,BEL,escs,quart_3,freq,24.9719905565434
2009,BEL,escs,quart_3,freq_se,0.606893399095913
2009,BEL,escs,quart_4,freq,34.8308498154119
2009,BEL,escs,quart_4,freq_se,0.820814975245777
2009,BGR,escs,quart_1,freq,35.1718103456874
2009,BGR,escs,quart_1,freq_se,1.51377169130602
2009,BGR,escs,quart_2,freq,23.3177411731096
2009,BGR,escs,quart_2,freq_se,0.751914103939443
2009,BGR,escs,quart_3,freq,20.5736799239981
2009,BGR,escs,quart_3,freq_se,0.78614042053962
2009,BGR,escs,quart_4,freq,20.9367685572049
2009,BGR,escs,quart_4,freq_se,1.31152683803047
2009,CZE,escs,quart_1,freq,20.5438918985051
2009,CZE,escs,quart_1,freq_se,0.80694226846236
2009,CZE,escs,quart_2,freq,30.8967057691279
2009,CZE,escs,quart_2,freq_se,0.644104486997146
2009,CZE,escs,quart_3,freq,33.2781034578482
2009,CZE,escs,quart_3,freq_se,0.714293001655846
2009,CZE,escs,quart_4,freq,15.2812988745188
2009,CZE,escs,quart_4,freq_se,0.489418826514343
2009,DEU,escs,quart_1,freq,13.1390246554495
2009,DEU,escs,quart_1,freq_se,0.703803460666273
2009,DEU,escs,quart_2,freq,25.4356483444231
2009,DEU,escs,quart_2,freq_se,0.783262930151004
2009,DEU,escs,quart_3,freq,31.6173895071814
2009,DEU,escs,quart_3,freq_se,0.728121893756145
2009,DEU,escs,quart_4,freq,29.807937492946
2009,DEU,escs,quart_4,freq_se,1.02116830420835
2009,DNK,escs,quart_1,freq,6.52849889845767
2009,DNK,escs,quart_1,freq_se,0.339409735327415
2009,DNK,escs,quart_2,freq,17.8105243901281
2009,DNK,escs,quart_2,freq_se,0.931026404836887
2009,DNK,escs,quart_3,freq,28.5831479935402
2009,DNK,escs,quart_3,freq_se,0.735580976826899
2009,DNK,escs,quart_4,freq,47.077828717874
2009,DNK,escs,quart_4,freq_se,1.30927173334941
2009,ESP,escs,quart_1,freq,34.7963243446593
2009,ESP,escs,quart_1,freq_se,1.16342766418928
2009,ESP,escs,quart_2,freq,20.1512581696092
2009,ESP,escs,quart_2,freq_se,0.629792020422664
2009,ESP,escs,quart_3,freq,13.3994453622972
2009,ESP,escs,quart_3,freq_se,0.382148339522944
2009,ESP,escs,quart_4,freq,31.6529721234343
2009,ESP,escs,quart_4,freq_se,1.15412564163215
2009,EST,escs,quart_1,freq,21.2205510005894
2009,EST,escs,quart_1,freq_se,0.72141570427893
2009,EST,escs,quart_2,freq,26.0279437095294
2009,EST,escs,quart_2,freq_se,0.758964161643604
2009,EST,escs,quart_3,freq,30.2319301433905
2009,EST,escs,quart_3,freq_se,0.699483535677652
2009,EST,escs,quart_4,freq,22.5195751464907
2009,EST,escs,quart_4,freq_se,0.992852353529924
2009,FIN,escs,quart_1,freq,5.23009616271701
2009,FIN,escs,quart_1,freq_se,0.407797998374145
2009,FIN,escs,quart_2,freq,18.6776056018073
2009,FIN,escs,quart_2,freq_se,0.676869377338047
2009,FIN,escs,quart_3,freq,31.760473220995
2009,FIN,escs,quart_3,freq_se,0.819389995969912
2009,FIN,escs,quart_4,freq,44.3318250144806
2009,FIN,escs,quart_4,freq_se,1.2380280282759
2009,FRA,escs,quart_1,freq,26.3814735892269
2009,FRA,escs,quart_1,freq_se,1.15798438547351
2009,FRA,escs,quart_2,freq,28.0074911977967
2009,FRA,escs,quart_2,freq_se,0.91234263908476
2009,FRA,escs,quart_3,freq,27.179935635513
2009,FRA,escs,quart_3,freq_se,0.84369391849368
2009,FRA,escs,quart_4,freq,18.4310995774635
2009,FRA,escs,quart_4,freq_se,1.30325659186045
2009,GBR,escs,quart_1,freq,15.5938200167239
2009,GBR,escs,quart_1,freq_se,0.700424906596701
2009,GBR,escs,quart_2,freq,25.1017801287449
2009,GBR,escs,quart_2,freq_se,0.625548720748951
2009,GBR,escs,quart_3,freq,29.6536737607342
2009,GBR,escs,quart_3,freq_se,0.62857397102542
2009,GBR,escs,quart_4,freq,29.6507260937971
2009,GBR,escs,quart_4,freq_se,0.916092946836754
2009,GRC,escs,quart_1,freq,29.7342047978056
2009,GRC,escs,quart_1,freq_se,1.31914632095241
2009,GRC,escs,quart_2,freq,23.5874887496265
2009,GRC,escs,quart_2,freq_se,0.680173300957867
2009,GRC,escs,quart_3,freq,20.6508944941131
2009,GRC,escs,quart_3,freq_se,0.665643836702547
2009,GRC,escs,quart_4,freq,26.0274119584548
2009,GRC,escs,quart_4,freq_se,1.22109793081174
2009,HRV,escs,quart_1,freq,29.2410200963985
2009,HRV,escs,quart_1,freq_se,0.955803825855432
2009,HRV,escs,quart_2,freq,31.2062996191572
2009,HRV,escs,quart_2,freq_se,0.739484346784258
2009,HRV,escs,quart_3,freq,21.7944573656802
2009,HRV,escs,quart_3,freq_se,0.725613827968597
2009,HRV,escs,quart_4,freq,17.7582229187641
2009,HRV,escs,quart_4,freq_se,0.868059957429813
2009,HUN,escs,quart_1,freq,35.88047428201
2009,HUN,escs,quart_1,freq_se,1.1327414349432
2009,HUN,escs,quart_2,freq,25.6694984363738
2009,HUN,escs,quart_2,freq_se,0.74206884398502
2009,HUN,escs,quart_3,freq,18.7913856251516
2009,HUN,escs,quart_3,freq_se,0.728061418459555
2009,HUN,escs,quart_4,freq,19.6586416564645
2009,HUN,escs,quart_4,freq_se,1.09531565880028
2009,IRL,escs,quart_1,freq,18.4944133979616
2009,IRL,escs,quart_1,freq_se,0.863738095387353
2009,IRL,escs,quart_2,freq,26.1481554435366
2009,IRL,escs,quart_2,freq_se,0.892572385150323
2009,IRL,escs,quart_3,freq,26.8798607840035
2009,IRL,escs,quart_3,freq_se,0.752664682908101
2009,IRL,escs,quart_4,freq,28.4775703744983
2009,IRL,escs,quart_4,freq_se,1.19871415565719
2009,ITA,escs,quart_1,freq,29.4671906699539
2009,ITA,escs,quart_1,freq_se,0.472723735637337
2009,ITA,escs,quart_2,freq,23.923025574577
2009,ITA,escs,quart_2,freq_se,0.331025895380234
2009,ITA,escs,quart_3,freq,24.2907684077487
2009,ITA,escs,quart_3,freq_se,0.353372661157148
2009,ITA,escs,quart_4,freq,22.3190153477203
2009,ITA,escs,quart_4,freq_se,0.430245881746611
2009,LTU,escs,quart_1,freq,34.5962935528344
2009,LTU,escs,quart_1,freq_se,0.868755524739433
2009,LTU,escs,quart_2,freq,20.9366114656784
2009,LTU,escs,quart_2,freq_se,0.586270587957462
2009,LTU,escs,quart_3,freq,21.6870454036966
2009,LTU,escs,quart_3,freq_se,0.642868787730872
2009,LTU,escs,quart_4,freq,22.7800495777906
2009,LTU,escs,quart_4,freq_se,0.756393100411278
2009,LUX,escs,quart_1,freq,21.4822026877371
2009,LUX,escs,quart_1,freq_se,0.595471043993345
2009,LUX,escs,quart_2,freq,18.2689285186843
2009,LUX,escs,quart_2,freq_se,0.634712197615611
2009,LUX,escs,quart_3,freq,24.0816019046739
2009,LUX,escs,quart_3,freq_se,0.643414629426411
2009,LUX,escs,quart_4,freq,36.1672668889046
2009,LUX,escs,quart_4,freq_se,0.654173338184769
2009,LVA,escs,quart_1,freq,35.1795416046495
2009,LVA,escs,quart_1,freq_se,1.34290150367199
2009,LVA,escs,quart_2,freq,24.7697910746768
2009,LVA,escs,quart_2,freq_se,0.884152473256111
2009,LVA,escs,quart_3,freq,29.2048724670187
2009,LVA,escs,quart_3,freq_se,1.02145383213386
2009,LVA,escs,quart_4,freq,10.845794853655
2009,LVA,escs,quart_4,freq_se,0.742756578178939
2009,MLT,escs,quart_1,freq,34.0909573419012
2009,MLT,escs,quart_1,freq_se,0.805060843819303
2009,MLT,escs,quart_2,freq,23.3537899093219
2009,MLT,escs,quart_2,freq_se,0.742191811704758
2009,MLT,escs,quart_3,freq,19.048504750251
2009,MLT,escs,quart_3,freq_se,0.592314713448382
2009,MLT,escs,quart_4,freq,23.5067479985259
2009,MLT,escs,quart_4,freq_se,0.693992640655018
2009,NLD,escs,quart_1,freq,9.95394212893837
2009,NLD,escs,quart_1,freq_se,0.799269063749168
2009,NLD,escs,quart_2,freq,23.2051416952457
2009,NLD,escs,quart_2,freq_se,0.873258722989909
2009,NLD,escs,quart_3,freq,36.2882362096109
2009,NLD,escs,quart_3,freq_se,0.838209788443599
2009,NLD,escs,quart_4,freq,30.5526799662051
2009,NLD,escs,quart_4,freq_se,1.35392451003678
2009,POL,escs,quart_1,freq,45.0631593564192
2009,POL,escs,quart_1,freq_se,1.0297550825675
2009,POL,escs,quart_2,freq,25.8342925598045
2009,POL,escs,quart_2,freq_se,0.740113292516274
2009,POL,escs,quart_3,freq,13.0783836295758
2009,POL,escs,quart_3,freq_se,0.503626075823962
2009,POL,escs,quart_4,freq,16.0241644542005
2009,POL,escs,quart_4,freq_se,0.896332315590271
2009,PRT,escs,quart_1,freq,47.9455077499051
2009,PRT,escs,quart_1,freq_se,1.25787742692882
2009,PRT,escs,quart_2,freq,19.186851562744
2009,PRT,escs,quart_2,freq_se,0.690481911235524
2009,PRT,escs,quart_3,freq,12.7204217062333
2009,PRT,escs,quart_3,freq_se,0.613034067379701
2009,PRT,escs,quart_4,freq,20.1472189811176
2009,PRT,escs,quart_4,freq_se,1.16807611381529
2009,ROU,escs,quart_1,freq,43.9992754955284
2009,ROU,escs,quart_1,freq_se,1.53087393368604
2009,ROU,escs,quart_2,freq,28.2440205272685
2009,ROU,escs,quart_2,freq_se,0.945287451150223
2009,ROU,escs,quart_3,freq,17.3891545685722
2009,ROU,escs,quart_3,freq_se,0.81918146195957
2009,ROU,escs,quart_4,freq,10.367549408631
2009,ROU,escs,quart_4,freq_se,0.888396522579905
2009,SVK,escs,quart_1,freq,28.173865956165
2009,SVK,escs,quart_1,freq_se,0.88409133954901
2009,SVK,escs,quart_2,freq,33.9455503028816
2009,SVK,escs,quart_2,freq_se,0.782066198517008
2009,SVK,escs,quart_3,freq,21.6430506483597
2009,SVK,escs,quart_3,freq_se,0.582963321358286
2009,SVK,escs,quart_4,freq,16.2375330925937
2009,SVK,escs,quart_4,freq_se,0.803433798433983
2009,SVN,escs,quart_1,freq,22.8451620571674
2009,SVN,escs,quart_1,freq_se,0.541747257538051
2009,SVN,escs,quart_2,freq,26.895541371333
2009,SVN,escs,quart_2,freq_se,0.676410449466197
2009,SVN,escs,quart_3,freq,23.2126269277131
2009,SVN,escs,quart_3,freq_se,0.711319619162748
2009,SVN,escs,quart_4,freq,27.0466696437865
2009,SVN,escs,quart_4,freq_se,0.798367488942852
2009,SWE,escs,quart_1,freq,8.47159152026348
2009,SWE,escs,quart_1,freq_se,0.614223100867843
2009,SWE,escs,quart_2,freq,19.6706355884208
2009,SWE,escs,quart_2,freq_se,0.783954425291763
2009,SWE,escs,quart_3,freq,31.0911947551125
2009,SWE,escs,quart_3,freq_se,0.773630379561765
2009,SWE,escs,quart_4,freq,40.7665781362032
2009,SWE,escs,quart_4,freq_se,1.12695992936821
2009,EU28,escs,quart_1,freq,25.0007996302914
2009,EU28,escs,quart_1,freq_se,0.239356163104186
2009,EU28,escs,quart_2,freq,25.0004170417161
2009,EU28,escs,quart_2,freq_se,0.219393861226645
2009,EU28,escs,quart_3,freq,24.9994330412433
2009,EU28,escs,quart_3,freq_se,0.174996046750443
2009,EU28,escs,quart_4,freq,24.9993502867493
2009,EU28,escs,quart_4,freq_se,0.311567515229993
2012,AUT,escs,quart_1,freq,16.2316441802487
2012,AUT,escs,quart_1,freq_se,0.824971189130941
2012,AUT,escs,quart_2,freq,31.7287068138295
2012,AUT,escs,quart_2,freq_se,0.801394493082099
2012,AUT,escs,quart_3,freq,30.1040369735
2012,AUT,escs,quart_3,freq_se,0.764034912278937
2012,AUT,escs,quart_4,freq,21.9356120324219
2012,AUT,escs,quart_4,freq_se,1.03287499120351
2012,BEL,escs,quart_1,freq,18.7252530504322
2012,BEL,escs,quart_1,freq_se,0.674572337842901
2012,BEL,escs,quart_2,freq,23.2719743258941
2012,BEL,escs,quart_2,freq_se,0.602447308968185
2012,BEL,escs,quart_3,freq,27.1153078756458
2012,BEL,escs,quart_3,freq_se,0.676063062389626
2012,BEL,escs,quart_4,freq,30.8874647480279
2012,BEL,escs,quart_4,freq_se,0.808298156736411
2012,BGR,escs,quart_1,freq,36.3139692444181
2012,BGR,escs,quart_1,freq_se,1.35806073936559
2012,BGR,escs,quart_2,freq,24.9145243587851
2012,BGR,escs,quart_2,freq_se,0.734087498254509
2012,BGR,escs,quart_3,freq,23.0702267196254
2012,BGR,escs,quart_3,freq_se,0.810235750218589
2012,BGR,escs,quart_4,freq,15.7012796771713
2012,BGR,escs,quart_4,freq_se,0.871876936825204
2012,CZE,escs,quart_1,freq,24.0627718814351
2012,CZE,escs,quart_1,freq_se,0.884796276840765
2012,CZE,escs,quart_2,freq,36.0282207883807
2012,CZE,escs,quart_2,freq_se,0.86281748289932
2012,CZE,escs,quart_3,freq,24.1425066737364
2012,CZE,escs,quart_3,freq_se,0.705491747307729
2012,CZE,escs,quart_4,freq,15.7665006564478
2012,CZE,escs,quart_4,freq_se,0.689157791625347
2012,DEU,escs,quart_1,freq,22.1254859429498
2012,DEU,escs,quart_1,freq_se,0.778352085991147
2012,DEU,escs,quart_2,freq,23.9399788276661
2012,DEU,escs,quart_2,freq_se,0.732030755852079
2012,DEU,escs,quart_3,freq,25.1869184517528
2012,DEU,escs,quart_3,freq_se,0.779575321336096
2012,DEU,escs,quart_4,freq,28.7476167776313
2012,DEU,escs,quart_4,freq_se,1.07404471194359
2012,DNK,escs,quart_1,freq,13.6333672429404
2012,DNK,escs,quart_1,freq_se,0.799883528040834
2012,DNK,escs,quart_2,freq,22.4071570901622
2012,DNK,escs,quart_2,freq_se,0.782487871663978
2012,DNK,escs,quart_3,freq,30.8824022032963
2012,DNK,escs,quart_3,freq_se,0.740113627182857
2012,DNK,escs,quart_4,freq,33.077073463601
2012,DNK,escs,quart_4,freq_se,1.14444465119705
2012,ESP,escs,quart_1,freq,31.1381852752588
2012,ESP,escs,quart_1,freq_se,0.921616791465329
2012,ESP,escs,quart_2,freq,22.4097301410189
2012,ESP,escs,quart_2,freq_se,0.479519656849166
2012,ESP,escs,quart_3,freq,21.8334905839213
2012,ESP,escs,quart_3,freq_se,0.469548900749671
2012,ESP,escs,quart_4,freq,24.6185939998011
2012,ESP,escs,quart_4,freq_se,0.984080046705729
2012,EST,escs,quart_1,freq,19.979628328432
2012,EST,escs,quart_1,freq_se,0.650369930719062
2012,EST,escs,quart_2,freq,27.0865385914577
2012,EST,escs,quart_2,freq_se,0.761402055173575
2012,EST,escs,quart_3,freq,27.79698467111
2012,EST,escs,quart_3,freq_se,0.72877394489324
2012,EST,escs,quart_4,freq,25.1368484090003
2012,EST,escs,quart_4,freq_se,0.715623749479256
2012,FIN,escs,quart_1,freq,6.6655369027561
2012,FIN,escs,quart_1,freq_se,0.340244018631027
2012,FIN,escs,quart_2,freq,19.2272711385667
2012,FIN,escs,quart_2,freq_se,0.57106172133538
2012,FIN,escs,quart_3,freq,32.0699721162129
2012,FIN,escs,quart_3,freq_se,0.651879772863902
2012,FIN,escs,quart_4,freq,42.0372198424643
2012,FIN,escs,quart_4,freq_se,0.842007058684553
2012,FRA,escs,quart_1,freq,19.3964647130162
2012,FRA,escs,quart_1,freq_se,0.716881508071207
2012,FRA,escs,quart_2,freq,25.0969287867364
2012,FRA,escs,quart_2,freq_se,0.803297344830977
2012,FRA,escs,quart_3,freq,30.936044801257
2012,FRA,escs,quart_3,freq_se,0.698813446341581
2012,FRA,escs,quart_4,freq,24.5705616989903
2012,FRA,escs,quart_4,freq_se,0.835534455445648
2012,GBR,escs,quart_1,freq,15.0947108531991
2012,GBR,escs,quart_1,freq_se,0.621214997392472
2012,GBR,escs,quart_2,freq,24.7896539867168
2012,GBR,escs,quart_2,freq_se,0.869884344071391
2012,GBR,escs,quart_3,freq,30.0378992210892
2012,GBR,escs,quart_3,freq_se,0.747998315315635
2012,GBR,escs,quart_4,freq,30.0777359389949
2012,GBR,escs,quart_4,freq_se,0.992456278262343
2012,GRC,escs,quart_1,freq,29.4953750023842
2012,GRC,escs,quart_1,freq_se,1.24324822325651
2012,GRC,escs,quart_2,freq,25.0405131638602
2012,GRC,escs,quart_2,freq_se,0.796372750790213
2012,GRC,escs,quart_3,freq,22.3496275629414
2012,GRC,escs,quart_3,freq_se,0.746018190227132
2012,GRC,escs,quart_4,freq,23.1144842708143
2012,GRC,escs,quart_4,freq_se,1.05309732872228
2012,HRV,escs,quart_1,freq,35.1703253047362
2012,HRV,escs,quart_1,freq_se,0.812948024744357
2012,HRV,escs,quart_2,freq,31.1506471040753
2012,HRV,escs,quart_2,freq_se,0.747411722976025
2012,HRV,escs,quart_3,freq,19.6774917967204
2012,HRV,escs,quart_3,freq_se,0.586893128443924
2012,HRV,escs,quart_4,freq,14.0015357944681
2012,HRV,escs,quart_4,freq_se,0.638838134428973
2012,HUN,escs,quart_1,freq,32.8168108150178
2012,HUN,escs,quart_1,freq_se,1.16193646983192
2012,HUN,escs,quart_2,freq,25.4230951272532
2012,HUN,escs,quart_2,freq_se,0.753589485754205
2012,HUN,escs,quart_3,freq,20.554478839287
2012,HUN,escs,quart_3,freq_se,0.667388009959671
2012,HUN,escs,quart_4,freq,21.205615218442
2012,HUN,escs,quart_4,freq_se,1.09047652159803
2012,IRL,escs,quart_1,freq,19.4837257352507
2012,IRL,escs,quart_1,freq_se,0.892617296658968
2012,IRL,escs,quart_2,freq,24.7030577970287
2012,IRL,escs,quart_2,freq_se,0.793449671333314
2012,IRL,escs,quart_3,freq,27.3537917333595
2012,IRL,escs,quart_3,freq_se,0.843485690986388
2012,IRL,escs,quart_4,freq,28.4594247343611
2012,IRL,escs,quart_4,freq_se,0.99843635484959
2012,ITA,escs,quart_1,freq,31.4932542073484
2012,ITA,escs,quart_1,freq_se,0.587042844295589
2012,ITA,escs,quart_2,freq,28.0565102303314
2012,ITA,escs,quart_2,freq_se,0.350421374540136
2012,ITA,escs,quart_3,freq,20.6905599068327
2012,ITA,escs,quart_3,freq_se,0.394619975251319
2012,ITA,escs,quart_4,freq,19.7596756554875
2012,ITA,escs,quart_4,freq_se,0.559800204076112
2012,NLD,escs,quart_1,freq,11.4714460813577
2012,NLD,escs,quart_1,freq_se,0.652805536957122
2012,NLD,escs,quart_2,freq,23.1967604714264
2012,NLD,escs,quart_2,freq_se,1.06887823833272
2012,NLD,escs,quart_3,freq,34.0662362624692
2012,NLD,escs,quart_3,freq_se,0.760232218038083
2012,NLD,escs,quart_4,freq,31.2655571847467
2012,NLD,escs,quart_4,freq_se,1.16975205861704
2012,POL,escs,quart_1,freq,40.7918646332741
2012,POL,escs,quart_1,freq_se,1.29669445709412
2012,POL,escs,quart_2,freq,25.8713513618736
2012,POL,escs,quart_2,freq_se,0.695366215385895
2012,POL,escs,quart_3,freq,14.2434886649292
2012,POL,escs,quart_3,freq_se,0.624854197548204
2012,POL,escs,quart_4,freq,19.0932953399231
2012,POL,escs,quart_4,freq_se,1.11748766504968
2012,PRT,escs,quart_1,freq,52.0753835951134
2012,PRT,escs,quart_1,freq_se,1.77891671381394
2012,PRT,escs,quart_2,freq,17.0447290553143
2012,PRT,escs,quart_2,freq_se,0.636151062903121
2012,PRT,escs,quart_3,freq,12.0143378588538
2012,PRT,escs,quart_3,freq_se,0.504088601067546
2012,PRT,escs,quart_4,freq,18.8655494907184
2012,PRT,escs,quart_4,freq_se,1.57733719243128
2012,ROU,escs,quart_1,freq,46.752915138514
2012,ROU,escs,quart_1,freq_se,1.53876292674595
2012,ROU,escs,quart_2,freq,25.3023504997334
2012,ROU,escs,quart_2,freq_se,0.856145464636871
2012,ROU,escs,quart_3,freq,16.2193329590424
2012,ROU,escs,quart_3,freq_se,0.658882366513516
2012,ROU,escs,quart_4,freq,11.7254014027102
2012,ROU,escs,quart_4,freq_se,1.09354713267016
2012,SVK,escs,quart_1,freq,41.1742345814428
2012,SVK,escs,quart_1,freq_se,1.2063726460988
2012,SVK,escs,quart_2,freq,28.0599046494925
2012,SVK,escs,quart_2,freq_se,0.745163111560588
2012,SVK,escs,quart_3,freq,17.9910869828631
2012,SVK,escs,quart_3,freq_se,0.771921949660085
2012,SVK,escs,quart_4,freq,12.7747737862017
2012,SVK,escs,quart_4,freq_se,0.781862887335063
2012,SVN,escs,quart_1,freq,18.4255201092165
2012,SVN,escs,quart_1,freq_se,0.603571010230746
2012,SVN,escs,quart_2,freq,29.1790483585346
2012,SVN,escs,quart_2,freq_se,0.763606881330394
2012,SVN,escs,quart_3,freq,26.9419674302915
2012,SVN,escs,quart_3,freq_se,0.758314676478052
2012,SVN,escs,quart_4,freq,25.4534641019575
2012,SVN,escs,quart_4,freq_se,0.651692757528811
2012,SWE,escs,quart_1,freq,8.03198687729559
2012,SWE,escs,quart_1,freq_se,0.418786906049996
2012,SWE,escs,quart_2,freq,20.027326734452
2012,SWE,escs,quart_2,freq_se,0.620903626354866
2012,SWE,escs,quart_3,freq,29.5644772059618
2012,SWE,escs,quart_3,freq_se,0.739148194555658
2012,SWE,escs,quart_4,freq,42.3762091822906
2012,SWE,escs,quart_4,freq_se,0.979268539797771
2012,EU28,escs,quart_1,freq,25.0002172425088
2012,EU28,escs,quart_1,freq_se,0.231775938426779
2012,EU28,escs,quart_2,freq,25.0010920793964
2012,EU28,escs,quart_2,freq_se,0.207036362777067
2012,EU28,escs,quart_3,freq,25.0027286740033
2012,EU28,escs,quart_3,freq_se,0.214292306444147
2012,EU28,escs,quart_4,freq,24.9959620040915
2012,EU28,escs,quart_4,freq_se,0.253082601935754
2015,AUT,escs,quart_1,freq,16.0009667824383
2015,AUT,escs,quart_1,freq_se,0.738914846333538
2015,AUT,escs,quart_2,freq,29.9491333750241
2015,AUT,escs,quart_2,freq_se,0.740755495741254
2015,AUT,escs,quart_3,freq,28.1651234114166
2015,AUT,escs,quart_3,freq_se,0.616145693018415
2015,AUT,escs,quart_4,freq,25.884776431121
2015,AUT,escs,quart_4,freq_se,0.908305054118589
2015,BEL,escs,quart_1,freq,18.741617505125
2015,BEL,escs,quart_1,freq_se,0.699576877992204
2015,BEL,escs,quart_2,freq,22.2356739748009
2015,BEL,escs,quart_2,freq_se,0.584163990953416
2015,BEL,escs,quart_3,freq,26.8031391973332
2015,BEL,escs,quart_3,freq_se,0.592249735723003
2015,BEL,escs,quart_4,freq,32.219569322741
2015,BEL,escs,quart_4,freq_se,1.02499352074087
2015,BGR,escs,quart_1,freq,27.7961877841341
2015,BGR,escs,quart_1,freq_se,1.28173937062668
2015,BGR,escs,quart_2,freq,23.8886086536114
2015,BGR,escs,quart_2,freq_se,0.679576607858769
2015,BGR,escs,quart_3,freq,25.1373103701014
2015,BGR,escs,quart_3,freq_se,0.813572162245063
2015,BGR,escs,quart_4,freq,23.1778931921531
2015,BGR,escs,quart_4,freq_se,0.957422415436387
2015,FRA,escs,quart_1,freq,20.819284551243
2015,FRA,escs,quart_1,freq_se,0.719970956391533
2015,FRA,escs,quart_2,freq,24.9852204691055
2015,FRA,escs,quart_2,freq_se,0.68628376310021
2015,FRA,escs,quart_3,freq,27.3315362326783
2015,FRA,escs,quart_3,freq_se,0.599022229467721
2015,FRA,escs,quart_4,freq,26.8639587469733
2015,FRA,escs,quart_4,freq_se,0.954911265626209
2015,GRC,escs,quart_1,freq,28.1791784013622
2015,GRC,escs,quart_1,freq_se,1.18514975563008
2015,GRC,escs,quart_2,freq,23.3838283757202
2015,GRC,escs,quart_2,freq_se,0.638258772076689
2015,GRC,escs,quart_3,freq,23.6701999141249
2015,GRC,escs,quart_3,freq_se,0.692807734899484
2015,GRC,escs,quart_4,freq,24.7667933087926
2015,GRC,escs,quart_4,freq_se,1.10091774267635
2015,ITA,escs,quart_1,freq,29.3341554745966
2015,ITA,escs,quart_1,freq_se,0.798371389187586
2015,ITA,escs,quart_2,freq,26.5333403325316
2015,ITA,escs,quart_2,freq_se,0.483413882846537
2015,ITA,escs,quart_3,freq,22.9732311991311
2015,ITA,escs,quart_3,freq_se,0.673551872348488
2015,ITA,escs,quart_4,freq,21.1592729937407
2015,ITA,escs,quart_4,freq_se,0.718488587439635
2015,MLT,escs,quart_1,freq,30.9078579171155
2015,MLT,escs,quart_1,freq_se,0.729998304662423
2015,MLT,escs,quart_2,freq,23.2675374715311
2015,MLT,escs,quart_2,freq_se,0.786433154535313
2015,MLT,escs,quart_3,freq,21.7274268914523
2015,MLT,escs,quart_3,freq_se,0.62040036725602
2015,MLT,escs,quart_4,freq,24.097177719901
2015,MLT,escs,quart_4,freq_se,0.611364545487553
2015,PRT,escs,quart_1,freq,43.4355673786022
2015,PRT,escs,quart_1,freq_se,1.16333132534619
2015,PRT,escs,quart_2,freq,19.2624984275876
2015,PRT,escs,quart_2,freq_se,0.602166740802811
2015,PRT,escs,quart_3,freq,14.6272199288762
2015,PRT,escs,quart_3,freq_se,0.563803504381638
2015,PRT,escs,quart_4,freq,22.674714264934
2015,PRT,escs,quart_4,freq_se,1.06947275678698
2015,EU28,escs,quart_1,freq,25.0003227617598
2015,EU28,escs,quart_1,freq_se,0.444303327815303
2015,EU28,escs,quart_2,freq,25.0075618513852
2015,EU28,escs,quart_2,freq_se,0.298236317109234
2015,EU28,escs,quart_3,freq,24.9923707277303
2015,EU28,escs,quart_3,freq_se,0.340319924581243
2015,EU28,escs,quart_4,freq,24.9997446591248
2015,EU28,escs,quart_4,freq_se,0.483949475706637
2018,AUT,escs,quart_1,freq,18.1239546205798
2018,AUT,escs,quart_1,freq_se,0.719074193427066
2018,AUT,escs,quart_2,freq,29.6085393621078
2018,AUT,escs,quart_2,freq_se,0.614268909178176
2018,AUT,escs,quart_3,freq,26.3748192315856
2018,AUT,escs,quart_3,freq_se,0.721944042662327
2018,AUT,escs,quart_4,freq,25.8926867857267
2018,AUT,escs,quart_4,freq_se,0.888895928654119
2018,BEL,escs,quart_1,freq,20.1128613143366
2018,BEL,escs,quart_1,freq_se,0.649198349041521
2018,BEL,escs,quart_2,freq,22.5113974237949
2018,BEL,escs,quart_2,freq_se,0.512065208154639
2018,BEL,escs,quart_3,freq,25.8630989173018
2018,BEL,escs,quart_3,freq_se,0.617985362145358
2018,BEL,escs,quart_4,freq,31.5126423445668
2018,BEL,escs,quart_4,freq_se,0.826635246002818
2018,BGR,escs,quart_1,freq,33.1288836291042
2018,BGR,escs,quart_1,freq_se,1.51956510706097
2018,BGR,escs,quart_2,freq,21.6742492175665
2018,BGR,escs,quart_2,freq_se,0.83051100632786
2018,BGR,escs,quart_3,freq,24.0995984359847
2018,BGR,escs,quart_3,freq_se,0.822472944563357
2018,BGR,escs,quart_4,freq,21.0972687173446
2018,BGR,escs,quart_4,freq_se,0.961063092440178
2018,FRA,escs,quart_1,freq,19.8802440741509
2018,FRA,escs,quart_1,freq_se,0.716308278776873
2018,FRA,escs,quart_2,freq,25.1615133581759
2018,FRA,escs,quart_2,freq_se,0.590798708551141
2018,FRA,escs,quart_3,freq,28.1261127976124
2018,FRA,escs,quart_3,freq_se,0.644303683348521
2018,FRA,escs,quart_4,freq,26.8321297700608
2018,FRA,escs,quart_4,freq_se,0.911817527073221
2018,GRC,escs,quart_1,freq,26.1504424305538
2018,GRC,escs,quart_1,freq_se,0.97230441447598
2018,GRC,escs,quart_2,freq,24.1658298736932
2018,GRC,escs,quart_2,freq_se,0.664594507587768
2018,GRC,escs,quart_3,freq,23.6464593066673
2018,GRC,escs,quart_3,freq_se,0.625247289565251
2018,GRC,escs,quart_4,freq,26.0372683890857
2018,GRC,escs,quart_4,freq_se,1.05922093048377
2018,ITA,escs,quart_1,freq,31.0519463940241
2018,ITA,escs,quart_1,freq_se,0.816661796875199
2018,ITA,escs,quart_2,freq,26.507822646575
2018,ITA,escs,quart_2,freq_se,0.70255265179383
2018,ITA,escs,quart_3,freq,22.0802754529718
2018,ITA,escs,quart_3,freq_se,0.642352245767116
2018,ITA,escs,quart_4,freq,20.3599555064291
2018,ITA,escs,quart_4,freq_se,0.83207597599034
2018,LTU,escs,quart_1,freq,22.6537412410147
2018,LTU,escs,quart_1,freq_se,0.546160120015909
2018,LTU,escs,quart_2,freq,21.9612962628625
2018,LTU,escs,quart_2,freq_se,0.579922679475091
2018,LTU,escs,quart_3,freq,24.9413042421921
2018,LTU,escs,quart_3,freq_se,0.532083921871517
2018,LTU,escs,quart_4,freq,30.4436582539307
2018,LTU,escs,quart_4,freq_se,0.722907163311894
2018,MLT,escs,quart_1,freq,23.5019330876179
2018,MLT,escs,quart_1,freq_se,0.648896151025084
2018,MLT,escs,quart_2,freq,21.4008585224577
2018,MLT,escs,quart_2,freq_se,0.654777473807812
2018,MLT,escs,quart_3,freq,23.279814450904
2018,MLT,escs,quart_3,freq_se,0.72627795423497
2018,MLT,escs,quart_4,freq,31.8173939390204
2018,MLT,escs,quart_4,freq_se,0.739309369220894
2018,PRT,escs,quart_1,freq,39.8197908989342
2018,PRT,escs,quart_1,freq_se,1.22506168246896
2018,PRT,escs,quart_2,freq,18.2537045461476
2018,PRT,escs,quart_2,freq_se,0.652614232289921
2018,PRT,escs,quart_3,freq,15.7763941171656
2018,PRT,escs,quart_3,freq_se,0.533474612989374
2018,PRT,escs,quart_4,freq,26.1501104377526
2018,PRT,escs,quart_4,freq_se,1.25974824985457
2018,EU28,escs,quart_1,freq,25.0048287661055
2018,EU28,escs,quart_1,freq_se,0.39911371206016
2018,EU28,escs,quart_2,freq,24.9954726907583
2018,EU28,escs,quart_2,freq_se,0.326693278417425
2018,EU28,escs,quart_3,freq,25.0007096474805
2018,EU28,escs,quart_3,freq_se,0.342562695271918
2018,EU28,escs,quart_4,freq,24.9989888956557
2018,EU28,escs,quart_4,freq_se,0.497322371721103
2022,AUT,escs,quart_1,freq,21.522017657051
2022,AUT,escs,quart_1,freq_se,0.805226475929756
2022,AUT,escs,quart_2,freq,25.9004863167765
2022,AUT,escs,quart_2,freq_se,0.727996332644263
2022,AUT,escs,quart_3,freq,25.3228335747104
2022,AUT,escs,quart_3,freq_se,0.584169226060325
2022,AUT,escs,quart_4,freq,27.2546624514622
2022,AUT,escs,quart_4,freq_se,0.911505186609939
2022,BEL,escs,quart_1,freq,21.4336144255146
2022,BEL,escs,quart_1,freq_se,0.774180817707559
2022,BEL,escs,quart_2,freq,22.5872994593334
2022,BEL,escs,quart_2,freq_se,0.575985088726676
2022,BEL,escs,quart_3,freq,28.2430734734096
2022,BEL,escs,quart_3,freq_se,0.544802270125361
2022,BEL,escs,quart_4,freq,27.7360126417424
2022,BEL,escs,quart_4,freq_se,0.970181029372322
2022,BGR,escs,quart_1,freq,35.3703451848711
2022,BGR,escs,quart_1,freq_se,1.17264862524231
2022,BGR,escs,quart_2,freq,21.7182094181628
2022,BGR,escs,quart_2,freq_se,0.696333768194692
2022,BGR,escs,quart_3,freq,25.235852024579
2022,BGR,escs,quart_3,freq_se,0.778507624646114
2022,BGR,escs,quart_4,freq,17.6755933723871
2022,BGR,escs,quart_4,freq_se,0.68096028330136
2022,CZE,escs,quart_1,freq,28.8289363090707
2022,CZE,escs,quart_1,freq_se,0.736760922131185
2022,CZE,escs,quart_2,freq,29.0058340164303
2022,CZE,escs,quart_2,freq_se,0.64342216802177
2022,CZE,escs,quart_3,freq,21.6494954379167
2022,CZE,escs,quart_3,freq_se,0.582303230020203
2022,CZE,escs,quart_4,freq,20.5157342365823
2022,CZE,escs,quart_4,freq_se,0.604885518783159
2022,DEU,escs,quart_1,freq,29.3679825182222
2022,DEU,escs,quart_1,freq_se,0.998194572645339
2022,DEU,escs,quart_2,freq,25.2634495302819
2022,DEU,escs,quart_2,freq_se,0.606076592174695
2022,DEU,escs,quart_3,freq,22.3373727510607
2022,DEU,escs,quart_3,freq_se,0.628962407957649
2022,DEU,escs,quart_4,freq,23.0311952004352
2022,DEU,escs,quart_4,freq_se,0.939419678846178
2022,DNK,escs,quart_1,freq,8.37702204669633
2022,DNK,escs,quart_1,freq_se,0.47153692244061
2022,DNK,escs,quart_2,freq,17.5963736874583
2022,DNK,escs,quart_2,freq_se,0.672536660267933
2022,DNK,escs,quart_3,freq,30.3284574843791
2022,DNK,escs,quart_3,freq_se,0.692291761679678
2022,DNK,escs,quart_4,freq,43.6981467814663
2022,DNK,escs,quart_4,freq_se,0.994461043820922
2022,ESP,escs,quart_1,freq,23.3929831945548
2022,ESP,escs,quart_1,freq_se,0.627092819500794
2022,ESP,escs,quart_2,freq,25.6939412507369
2022,ESP,escs,quart_2,freq_se,0.449835532431833
2022,ESP,escs,quart_3,freq,24.654928647273
2022,ESP,escs,quart_3,freq_se,0.413973073175777
2022,ESP,escs,quart_4,freq,26.2581469074352
2022,ESP,escs,quart_4,freq_se,0.647526677968916
2022,EST,escs,quart_1,freq,17.1820763612401
2022,EST,escs,quart_1,freq_se,0.706162413662639
2022,EST,escs,quart_2,freq,26.18897185751
2022,EST,escs,quart_2,freq_se,0.771225904039394
2022,EST,escs,quart_3,freq,29.1339300689368
2022,EST,escs,quart_3,freq_se,0.716484027375565
2022,EST,escs,quart_4,freq,27.4950217123132
2022,EST,escs,quart_4,freq_se,0.959631770253506
2022,FIN,escs,quart_1,freq,14.8254969746149
2022,FIN,escs,quart_1,freq_se,0.454996358292505
2022,FIN,escs,quart_2,freq,23.5221224795842
2022,FIN,escs,quart_2,freq_se,0.642294318031464
2022,FIN,escs,quart_3,freq,28.0240354644844
2022,FIN,escs,quart_3,freq_se,0.466008290723936
2022,FIN,escs,quart_4,freq,33.6283450813165
2022,FIN,escs,quart_4,freq_se,0.7860680419778
2022,FRA,escs,quart_1,freq,23.1491802564672
2022,FRA,escs,quart_1,freq_se,0.671417213024518
2022,FRA,escs,quart_2,freq,25.6929546642563
2022,FRA,escs,quart_2,freq_se,0.703837991825895
2022,FRA,escs,quart_3,freq,27.4317576910488
2022,FRA,escs,quart_3,freq_se,0.561778049179398
2022,FRA,escs,quart_4,freq,23.7261073882277
2022,FRA,escs,quart_4,freq_se,0.961823280833964
2022,GBR,escs,quart_1,freq,19.2369861158945
2022,GBR,escs,quart_1,freq_se,0.710003914572116
2022,GBR,escs,quart_2,freq,24.8569164722609
2022,GBR,escs,quart_2,freq_se,0.648096383678824
2022,GBR,escs,quart_3,freq,27.6182959819235
2022,GBR,escs,quart_3,freq_se,0.69267373586164
2022,GBR,escs,quart_4,freq,28.2878014299211
2022,GBR,escs,quart_4,freq_se,0.942964677354629
2022,GRC,escs,quart_1,freq,29.1727019004666
2022,GRC,escs,quart_1,freq_se,0.945953472754627
2022,GRC,escs,quart_2,freq,26.0519781196829
2022,GRC,escs,quart_2,freq_se,0.638459472498168
2022,GRC,escs,quart_3,freq,26.1041613675264
2022,GRC,escs,quart_3,freq_se,0.576409194427998
2022,GRC,escs,quart_4,freq,18.6711586123241
2022,GRC,escs,quart_4,freq_se,0.828575391264455
2022,HRV,escs,quart_1,freq,31.7046370104523
2022,HRV,escs,quart_1,freq_se,0.779082373490158
2022,HRV,escs,quart_2,freq,26.0973055857309
2022,HRV,escs,quart_2,freq_se,0.746705404288672
2022,HRV,escs,quart_3,freq,24.9549741241299
2022,HRV,escs,quart_3,freq_se,0.60764717508783
2022,HRV,escs,quart_4,freq,17.2430832796869
2022,HRV,escs,quart_4,freq_se,0.674884673216544
2022,HUN,escs,quart_1,freq,25.9145584357362
2022,HUN,escs,quart_1,freq_se,0.885926225550142
2022,HUN,escs,quart_2,freq,23.3562888203751
2022,HUN,escs,quart_2,freq_se,0.734465114789436
2022,HUN,escs,quart_3,freq,24.1043690588851
2022,HUN,escs,quart_3,freq_se,0.631303809619049
2022,HUN,escs,quart_4,freq,26.6247836850036
2022,HUN,escs,quart_4,freq_se,0.855841820867317
2022,IRL,escs,quart_1,freq,13.1015239100344
2022,IRL,escs,quart_1,freq_se,0.847537673045372
2022,IRL,escs,quart_2,freq,20.9253432595839
2022,IRL,escs,quart_2,freq_se,0.816642755973332
2022,IRL,escs,quart_3,freq,29.2684137434434
2022,IRL,escs,quart_3,freq_se,0.69787369808687
2022,IRL,escs,quart_4,freq,36.7047190869383
2022,IRL,escs,quart_4,freq_se,1.40275196319461
2022,ITA,escs,quart_1,freq,26.9190374012876
2022,ITA,escs,quart_1,freq_se,0.822312917418635
2022,ITA,escs,quart_2,freq,28.4541709995049
2022,ITA,escs,quart_2,freq_se,0.704106568144811
2022,ITA,escs,quart_3,freq,23.0950066086614
2022,ITA,escs,quart_3,freq_se,0.552491138652724
2022,ITA,escs,quart_4,freq,21.5317849905462
2022,ITA,escs,quart_4,freq_se,0.952036449421244
2022,LTU,escs,quart_1,freq,24.0689511720652
2022,LTU,escs,quart_1,freq_se,0.702130005244329
2022,LTU,escs,quart_2,freq,22.2296347992861
2022,LTU,escs,quart_2,freq_se,0.623964056383372
2022,LTU,escs,quart_3,freq,27.297121013414
2022,LTU,escs,quart_3,freq_se,0.611546358939009
2022,LTU,escs,quart_4,freq,26.4042930152346
2022,LTU,escs,quart_4,freq_se,0.775746028863123
2022,LVA,escs,quart_1,freq,22.9087484744337
2022,LVA,escs,quart_1,freq_se,0.753814715315274
2022,LVA,escs,quart_2,freq,27.4447831097512
2022,LVA,escs,quart_2,freq_se,0.711720550819019
2022,LVA,escs,quart_3,freq,29.189586187398
2022,LVA,escs,quart_3,freq_se,0.63586476946811
2022,LVA,escs,quart_4,freq,20.4568822284171
2022,LVA,escs,quart_4,freq_se,0.634229874517662
2022,MLT,escs,quart_1,freq,26.1670925803935
2022,MLT,escs,quart_1,freq_se,0.70599107806329
2022,MLT,escs,quart_2,freq,22.0110603051739
2022,MLT,escs,quart_2,freq_se,0.809467728891691
2022,MLT,escs,quart_3,freq,24.0497913835597
2022,MLT,escs,quart_3,freq_se,0.749197248705265
2022,MLT,escs,quart_4,freq,27.7720557308728
2022,MLT,escs,quart_4,freq_se,0.801126690856437
2022,NLD,escs,quart_1,freq,14.0697743129369
2022,NLD,escs,quart_1,freq_se,0.661097414417303
2022,NLD,escs,quart_2,freq,22.527821038549
2022,NLD,escs,quart_2,freq_se,0.775546206210575
2022,NLD,escs,quart_3,freq,30.231125439577
2022,NLD,escs,quart_3,freq_se,0.878187809461103
2022,NLD,escs,quart_4,freq,33.1712792089371
2022,NLD,escs,quart_4,freq_se,1.22347333363543
2022,POL,escs,quart_1,freq,32.1025576338795
2022,POL,escs,quart_1,freq_se,0.792441679607895
2022,POL,escs,quart_2,freq,24.3609227555277
2022,POL,escs,quart_2,freq_se,0.683436683319014
2022,POL,escs,quart_3,freq,21.5599231993535
2022,POL,escs,quart_3,freq_se,0.654921795055199
2022,POL,escs,quart_4,freq,21.9765964112392
2022,POL,escs,quart_4,freq_se,0.902130707250954
2022,PRT,escs,quart_1,freq,34.7466869374011
2022,PRT,escs,quart_1,freq_se,1.05981461360055
2022,PRT,escs,quart_2,freq,21.4404632888782
2022,PRT,escs,quart_2,freq_se,0.498251960755019
2022,PRT,escs,quart_3,freq,18.8582850466432
2022,PRT,escs,quart_3,freq_se,0.576945224678079
2022,PRT,escs,quart_4,freq,24.9545647270774
2022,PRT,escs,quart_4,freq_se,0.956156544291487
2022,ROU,escs,quart_1,freq,40.9961167853476
2022,ROU,escs,quart_1,freq_se,1.45579100519196
2022,ROU,escs,quart_2,freq,22.6149949257913
2022,ROU,escs,quart_2,freq_se,0.638593625013426
2022,ROU,escs,quart_3,freq,18.5587652271235
2022,ROU,escs,quart_3,freq_se,0.769537088895523
2022,ROU,escs,quart_4,freq,17.8301230617375
2022,ROU,escs,quart_4,freq_se,1.15756676306618
2022,SVK,escs,quart_1,freq,37.3547226233369
2022,SVK,escs,quart_1,freq_se,1.07268598774474
2022,SVK,escs,quart_2,freq,25.7037467737011
2022,SVK,escs,quart_2,freq_se,0.734644129345597
2022,SVK,escs,quart_3,freq,19.8098345801026
2022,SVK,escs,quart_3,freq_se,0.635857584939921
2022,SVK,escs,quart_4,freq,17.1316960228594
2022,SVK,escs,quart_4,freq_se,0.802480463934657
2022,SVN,escs,quart_1,freq,16.3871078633936
2022,SVN,escs,quart_1,freq_se,0.579840127381424
2022,SVN,escs,quart_2,freq,23.3283518051962
2022,SVN,escs,quart_2,freq_se,0.570444030087828
2022,SVN,escs,quart_3,freq,27.1365576493631
2022,SVN,escs,quart_3,freq_se,0.588929458693668
2022,SVN,escs,quart_4,freq,33.1479826820471
2022,SVN,escs,quart_4,freq_se,0.721262149082163
2022,SWE,escs,quart_1,freq,13.2612168165742
2022,SWE,escs,quart_1,freq_se,0.548719093576269
2022,SWE,escs,quart_2,freq,20.2938292066494
2022,SWE,escs,quart_2,freq_se,0.62266387286991
2022,SWE,escs,quart_3,freq,28.8888029635606
2022,SWE,escs,quart_3,freq_se,0.657251633098552
2022,SWE,escs,quart_4,freq,37.5561510132158
2022,SWE,escs,quart_4,freq_se,1.02225236797747
2022,EU28,escs,quart_1,freq,25.0009347304599
2022,EU28,escs,quart_1,freq_se,0.237090096117819
2022,EU28,escs,quart_2,freq,25.0054845829465
2022,EU28,escs,quart_2,freq_se,0.229959286089787
2022,EU28,escs,quart_3,freq,24.9944287989875
2022,EU28,escs,quart_3,freq_se,0.207975990345089
2022,EU28,escs,quart_4,freq,24.9991518876061
2022,EU28,escs,quart_4,freq_se,0.296459021205846
