year,area,concept,artworks,metric,value
2000,AUT,math_score,no,mean,508.291578817801
2000,AUT,math_score,no,mean_se,18.092268740658
2000,AUT,math_score,yes,mean,518.349525158099
2000,AUT,math_score,yes,mean_se,7.43744704997143
2000,AUT,reading_score,no,mean,499.306346679562
2000,AUT,reading_score,no,mean_se,3.84245792153448
2000,AUT,reading_score,yes,mean,512.298496511889
2000,AUT,reading_score,yes,mean_se,2.47424240241335
2000,BEL,math_score,no,mean,498.198164751944
2000,BEL,math_score,no,mean_se,56.5544402211116
2000,BEL,math_score,yes,mean,534.130971257829
2000,BEL,math_score,yes,mean_se,15.9752707892595
2000,BEL,reading_score,no,mean,484.319647545355
2000,BEL,reading_score,no,mean_se,5.01019013035351
2000,BEL,reading_score,yes,mean,530.6168362496
2000,BEL,reading_score,yes,mean_se,2.9677635690463
2000,BGR,math_score,no,mean,411.145293209918
2000,BGR,math_score,no,mean_se,46.2497125963312
2000,BGR,math_score,yes,mean,443.804033396433
2000,BGR,math_score,yes,mean_se,35.9890738644363
2000,BGR,reading_score,no,mean,410.578736867339
2000,BGR,reading_score,no,mean_se,5.8429468789361
2000,BGR,reading_score,yes,mean,443.761204884861
2000,BGR,reading_score,yes,mean_se,4.90017215745096
2000,CZE,math_score,no,mean,482.575270830321
2000,CZE,math_score,no,mean_se,12.8490619738704
2000,CZE,math_score,yes,mean,503.585005684935
2000,CZE,math_score,yes,mean_se,10.4645886262651
2000,CZE,reading_score,no,mean,477.33899502733
2000,CZE,reading_score,no,mean_se,3.12845505815056
2000,CZE,reading_score,yes,mean,504.109395519016
2000,CZE,reading_score,yes,mean_se,2.65376188792962
2000,DEU,math_score,no,mean,471.270427938424
2000,DEU,math_score,no,mean_se,37.2974064692511
2000,DEU,math_score,yes,mean,493.302138665323
2000,DEU,math_score,yes,mean_se,16.3519709776893
2000,DEU,reading_score,no,mean,465.746877042324
2000,DEU,reading_score,no,mean_se,4.55519359737364
2000,DEU,reading_score,yes,mean,495.144587694355
2000,DEU,reading_score,yes,mean_se,4.01153963064202
2000,DNK,math_score,no,mean,492.622545925695
2000,DNK,math_score,no,mean_se,15.6275700126601
2000,DNK,math_score,yes,mean,525.041636120252
2000,DNK,math_score,yes,mean_se,7.29848902438107
2000,DNK,reading_score,no,mean,470.676807561818
2000,DNK,reading_score,no,mean_se,3.48313264320272
2000,DNK,reading_score,yes,mean,509.099898039265
2000,DNK,reading_score,yes,mean_se,2.45812468649592
2000,ESP,math_score,no,mean,464.361307703936
2000,ESP,math_score,no,mean_se,14.5112609380436
2000,ESP,math_score,yes,mean,488.821589265965
2000,ESP,math_score,yes,mean_se,10.2630742008177
2000,ESP,reading_score,no,mean,480.66335702761
2000,ESP,reading_score,no,mean_se,3.3106466062267
2000,ESP,reading_score,yes,mean,505.160760933281
2000,ESP,reading_score,yes,mean_se,2.56797495894727
2000,FIN,math_score,no,mean,520.303259934907
2000,FIN,math_score,no,mean_se,19.1348340893389
2000,FIN,math_score,yes,mean,539.909247522958
2000,FIN,math_score,yes,mean_se,5.38089949937783
2000,FIN,reading_score,no,mean,521.946386733492
2000,FIN,reading_score,no,mean_se,4.23175289421949
2000,FIN,reading_score,yes,mean,553.662989192366
2000,FIN,reading_score,yes,mean_se,2.56915420754133
2000,FRA,math_score,no,mean,510.278982328918
2000,FRA,math_score,no,mean_se,9.63188380806693
2000,FRA,math_score,yes,mean,533.565201279873
2000,FRA,math_score,yes,mean_se,14.2688010321271
2000,FRA,reading_score,no,mean,496.5075985246
2000,FRA,reading_score,no,mean_se,3.25316540153881
2000,FRA,reading_score,yes,mean,523.760682436614
2000,FRA,reading_score,yes,mean_se,3.14619074133195
2000,GBR,math_score,no,mean,512.309170924971
2000,GBR,math_score,no,mean_se,10.6748455264421
2000,GBR,math_score,yes,mean,545.058575952264
2000,GBR,math_score,yes,mean_se,11.3897536596722
2000,GBR,reading_score,no,mean,503.072731425174
2000,GBR,reading_score,no,mean_se,2.95739461613528
2000,GBR,reading_score,yes,mean,541.306891990596
2000,GBR,reading_score,yes,mean_se,3.24183309457045
2000,GRC,math_score,no,mean,436.022645725697
2000,GRC,math_score,no,mean_se,31.2453783470918
2000,GRC,math_score,yes,mean,455.72055963872
2000,GRC,math_score,yes,mean_se,39.8399505025151
2000,GRC,reading_score,no,mean,462.006198414106
2000,GRC,reading_score,no,mean_se,5.64979392301804
2000,GRC,reading_score,yes,mean,483.59359418929
2000,GRC,reading_score,yes,mean_se,4.90334347179483
2000,HUN,math_score,no,mean,469.613444784742
2000,HUN,math_score,no,mean_se,17.0944837348166
2000,HUN,math_score,yes,mean,499.257463217093
2000,HUN,math_score,yes,mean_se,23.5560321311677
2000,HUN,reading_score,no,mean,463.201231384775
2000,HUN,reading_score,no,mean_se,3.95138580376452
2000,HUN,reading_score,yes,mean,496.379210665349
2000,HUN,reading_score,yes,mean_se,4.57245455224235
2000,IRL,math_score,no,mean,491.703068473297
2000,IRL,math_score,no,mean_se,14.1700575617022
2000,IRL,math_score,yes,mean,513.254832941241
2000,IRL,math_score,yes,mean_se,8.33946520553468
2000,IRL,reading_score,no,mean,515.188224978369
2000,IRL,reading_score,no,mean_se,3.69199788708711
2000,IRL,reading_score,yes,mean,535.865970399232
2000,IRL,reading_score,yes,mean_se,3.59922393355281
2000,ITA,math_score,no,mean,444.928480790202
2000,ITA,math_score,no,mean_se,14.2583495270524
2000,ITA,math_score,yes,mean,463.36885379408
2000,ITA,math_score,yes,mean_se,8.65948675016165
2000,ITA,reading_score,no,mean,466.892135742185
2000,ITA,reading_score,no,mean_se,3.94424210500031
2000,ITA,reading_score,yes,mean,497.371514553064
2000,ITA,reading_score,yes,mean_se,2.69704104981183
2000,LUX,math_score,no,mean,423.388074958078
2000,LUX,math_score,no,mean_se,15.2790738922251
2000,LUX,math_score,yes,mean,464.978623739773
2000,LUX,math_score,yes,mean_se,5.55138566683137
2000,LUX,reading_score,no,mean,405.585224790266
2000,LUX,reading_score,no,mean_se,3.40774657832377
2000,LUX,reading_score,yes,mean,465.976723386851
2000,LUX,reading_score,yes,mean_se,1.9739447964814
2000,LVA,math_score,no,mean,457.815206757903
2000,LVA,math_score,no,mean_se,27.6328097085363
2000,LVA,math_score,yes,mean,466.51939061431
2000,LVA,math_score,yes,mean_se,26.4979404657921
2000,LVA,reading_score,no,mean,441.284061267291
2000,LVA,reading_score,no,mean_se,5.96626334147328
2000,LVA,reading_score,yes,mean,469.657321267959
2000,LVA,reading_score,yes,mean_se,5.56476816662584
2000,NLD,math_score,no,mean,550.837193712589
2000,NLD,math_score,no,mean_se,29.945185170431
2000,NLD,math_score,yes,mean,571.27563976121
2000,NLD,math_score,yes,mean_se,12.4733264385396
2000,NLD,reading_score,no,mean,515.583011405403
2000,NLD,reading_score,no,mean_se,4.53824402876329
2000,NLD,reading_score,yes,mean,541.692706847974
2000,NLD,reading_score,yes,mean_se,3.2487013494595
2000,POL,math_score,no,mean,466.907890996558
2000,POL,math_score,no,mean_se,35.6328852425133
2000,POL,math_score,yes,mean,479.836204263133
2000,POL,math_score,yes,mean_se,37.0620345891518
2000,POL,reading_score,no,mean,477.571176294547
2000,POL,reading_score,no,mean_se,4.47953893892949
2000,POL,reading_score,yes,mean,487.653756570642
2000,POL,reading_score,yes,mean_se,5.28256420019187
2000,PRT,math_score,no,mean,442.32446784384
2000,PRT,math_score,no,mean_se,19.2200028886489
2000,PRT,math_score,yes,mean,472.873475931954
2000,PRT,math_score,yes,mean_se,16.2551020530425
2000,PRT,reading_score,no,mean,456.297696002803
2000,PRT,reading_score,no,mean_se,4.45191160952294
2000,PRT,reading_score,yes,mean,493.624156745118
2000,PRT,reading_score,yes,mean_se,4.9507745070035
2000,SWE,math_score,no,mean,474.842156452363
2000,SWE,math_score,no,mean_se,24.638602603723
2000,SWE,math_score,yes,mean,519.076705187703
2000,SWE,math_score,yes,mean_se,6.10407836333449
2000,SWE,reading_score,no,mean,480.597350327978
2000,SWE,reading_score,no,mean_se,3.73630873624618
2000,SWE,reading_score,yes,mean,526.086698213066
2000,SWE,reading_score,yes,mean_se,2.26472038866611
2000,EU28,math_score,no,mean,483.947201366827
2000,EU28,math_score,no,mean_se,2.38472922065621
2000,EU28,math_score,yes,mean,502.386267828788
2000,EU28,math_score,yes,mean_se,1.70455571797578
2000,EU28,reading_score,no,mean,482.707008507307
2000,EU28,reading_score,no,mean_se,1.29290763842561
2000,EU28,reading_score,yes,mean,508.375513207395
2000,EU28,reading_score,yes,mean_se,1.17666464508462
2003,AUT,math_score,no,mean,489.093320731811
2003,AUT,math_score,no,mean_se,11.9762712965217
2003,AUT,math_score,yes,mean,525.384831075861
2003,AUT,math_score,yes,mean_se,11.9383499666961
2003,AUT,reading_score,no,mean,469.323048098434
2003,AUT,reading_score,no,mean_se,3.74907713890024
2003,AUT,reading_score,yes,mean,516.874314593441
2003,AUT,reading_score,yes,mean_se,3.63691673832407
2003,BEL,math_score,no,mean,509.88567552015
2003,BEL,math_score,no,mean_se,9.1565277218833
2003,BEL,math_score,yes,mean,563.400723417275
2003,BEL,math_score,yes,mean_se,5.35347829716669
2003,BEL,reading_score,no,mean,485.291262617295
2003,BEL,reading_score,no,mean_se,3.61231339057766
2003,BEL,reading_score,yes,mean,544.129877886543
2003,BEL,reading_score,yes,mean_se,2.21291245725193
2003,CZE,math_score,no,mean,510.963761637612
2003,CZE,math_score,no,mean_se,11.8457218109622
2003,CZE,math_score,yes,mean,535.583877080413
2003,CZE,math_score,yes,mean_se,9.6454834205469
2003,CZE,reading_score,no,mean,483.732403892529
2003,CZE,reading_score,no,mean_se,3.06369496216471
2003,CZE,reading_score,yes,mean,509.401189310121
2003,CZE,reading_score,yes,mean_se,2.88307791157227
2003,DEU,math_score,no,mean,498.100975599302
2003,DEU,math_score,no,mean_se,14.4660885020199
2003,DEU,math_score,yes,mean,523.23523270586
2003,DEU,math_score,yes,mean_se,13.4767771293274
2003,DEU,reading_score,no,mean,485.468816452666
2003,DEU,reading_score,no,mean_se,3.93965264686115
2003,DEU,reading_score,yes,mean,515.683330400081
2003,DEU,reading_score,yes,mean_se,3.82606071148542
2003,DNK,math_score,no,mean,490.576669379839
2003,DNK,math_score,no,mean_se,8.78531664824799
2003,DNK,math_score,yes,mean,535.773664240329
2003,DNK,math_score,yes,mean_se,7.28338771056347
2003,DNK,reading_score,no,mean,469.717851518903
2003,DNK,reading_score,no,mean_se,3.43342887943251
2003,DNK,reading_score,yes,mean,513.892992917076
2003,DNK,reading_score,yes,mean_se,2.82733556362584
2003,ESP,math_score,no,mean,471.140325527669
2003,ESP,math_score,no,mean_se,6.15464893748717
2003,ESP,math_score,yes,mean,503.83696974039
2003,ESP,math_score,yes,mean_se,7.50356357883391
2003,ESP,reading_score,no,mean,468.61949691281
2003,ESP,reading_score,no,mean_se,2.70570386186281
2003,ESP,reading_score,yes,mean,497.650640353347
2003,ESP,reading_score,yes,mean_se,3.16452654273541
2003,FIN,math_score,no,mean,528.500837829769
2003,FIN,math_score,no,mean_se,5.52918651879352
2003,FIN,math_score,yes,mean,554.741810987617
2003,FIN,math_score,yes,mean_se,4.20594257576226
2003,FIN,reading_score,no,mean,523.764261964806
2003,FIN,reading_score,no,mean_se,2.23358456753086
2003,FIN,reading_score,yes,mean,554.903615089615
2003,FIN,reading_score,yes,mean_se,1.85775113249153
2003,FRA,math_score,no,mean,500.992193521795
2003,FRA,math_score,no,mean_se,7.5249695961159
2003,FRA,math_score,yes,mean,533.589538963776
2003,FRA,math_score,yes,mean_se,10.3911592922564
2003,FRA,reading_score,no,mean,484.418792488677
2003,FRA,reading_score,no,mean_se,3.06630284550012
2003,FRA,reading_score,yes,mean,523.443086393367
2003,FRA,reading_score,yes,mean_se,3.6856815349879
2003,GBR,math_score,no,mean,490.235108045318
2003,GBR,math_score,no,mean_se,5.64267669245907
2003,GBR,math_score,yes,mean,524.898476969799
2003,GBR,math_score,yes,mean_se,12.2238407140989
2003,GBR,reading_score,no,mean,486.955517283389
2003,GBR,reading_score,no,mean_se,2.51078330549612
2003,GBR,reading_score,yes,mean,526.684678049309
2003,GBR,reading_score,yes,mean_se,3.39954200673845
2003,GRC,math_score,no,mean,427.160495259545
2003,GRC,math_score,no,mean_se,12.1679463344315
2003,GRC,math_score,yes,mean,460.981529623283
2003,GRC,math_score,yes,mean_se,19.8048604544388
2003,GRC,reading_score,no,mean,455.144246579025
2003,GRC,reading_score,no,mean_se,4.12256405291345
2003,GRC,reading_score,yes,mean,488.546573402209
2003,GRC,reading_score,yes,mean_se,4.56414367331067
2003,HUN,math_score,no,mean,477.006118408142
2003,HUN,math_score,no,mean_se,9.53237872456029
2003,HUN,math_score,yes,mean,511.703579854673
2003,HUN,math_score,yes,mean_se,11.3630111166704
2003,HUN,reading_score,no,mean,466.444088456648
2003,HUN,reading_score,no,mean_se,2.70349576121444
2003,HUN,reading_score,yes,mean,505.557906611858
2003,HUN,reading_score,yes,mean_se,3.2286384845697
2003,IRL,math_score,no,mean,492.651226626782
2003,IRL,math_score,no,mean_se,6.86250581201842
2003,IRL,math_score,yes,mean,514.68016505621
2003,IRL,math_score,yes,mean_se,8.33756287681341
2003,IRL,reading_score,no,mean,502.146095518928
2003,IRL,reading_score,no,mean_se,2.72974861593273
2003,IRL,reading_score,yes,mean,531.239705419232
2003,IRL,reading_score,yes,mean_se,3.45881066043752
2003,ITA,math_score,no,mean,450.189848921513
2003,ITA,math_score,no,mean_se,11.8275371857112
2003,ITA,math_score,yes,mean,483.828716021975
2003,ITA,math_score,yes,mean_se,9.28591162448711
2003,ITA,reading_score,no,mean,456.829722935328
2003,ITA,reading_score,no,mean_se,3.80611628063609
2003,ITA,reading_score,yes,mean,495.103902956269
2003,ITA,reading_score,yes,mean_se,2.71526455406114
2003,LUX,math_score,no,mean,474.001974490884
2003,LUX,math_score,no,mean_se,4.0615761690282
2003,LUX,math_score,yes,mean,507.728280683058
2003,LUX,math_score,yes,mean_se,2.69992935914754
2003,LUX,reading_score,no,mean,457.229811882835
2003,LUX,reading_score,no,mean_se,2.76181018169769
2003,LUX,reading_score,yes,mean,496.658501296695
2003,LUX,reading_score,yes,mean_se,1.82531035997265
2003,LVA,math_score,no,mean,475.2799295725
2003,LVA,math_score,no,mean_se,16.6334819361083
2003,LVA,math_score,yes,mean,492.485499151059
2003,LVA,math_score,yes,mean_se,13.3664682547826
2003,LVA,reading_score,no,mean,480.975121338497
2003,LVA,reading_score,no,mean_se,4.35322115824379
2003,LVA,reading_score,yes,mean,501.277759917905
2003,LVA,reading_score,yes,mean_se,3.67039231421517
2003,NLD,math_score,no,mean,524.239130427131
2003,NLD,math_score,no,mean_se,15.1463703117614
2003,NLD,math_score,yes,mean,559.518900492287
2003,NLD,math_score,yes,mean_se,8.06014545478645
2003,NLD,reading_score,no,mean,500.949894894728
2003,NLD,reading_score,no,mean_se,3.85667264933485
2003,NLD,reading_score,yes,mean,531.714849988319
2003,NLD,reading_score,yes,mean_se,2.76415344578521
2003,POL,math_score,no,mean,485.209006000028
2003,POL,math_score,no,mean_se,8.24031471541583
2003,POL,math_score,yes,mean,498.137537805911
2003,POL,math_score,yes,mean_se,10.353754579299
2003,POL,reading_score,no,mean,487.678408965801
2003,POL,reading_score,no,mean_se,3.25528041553148
2003,POL,reading_score,yes,mean,510.243748489839
2003,POL,reading_score,yes,mean_se,3.5562705922388
2003,PRT,math_score,no,mean,452.430565506482
2003,PRT,math_score,no,mean_se,13.3311937352486
2003,PRT,math_score,yes,mean,496.132836434916
2003,PRT,math_score,yes,mean_se,12.1867919469539
2003,PRT,reading_score,no,mean,465.704622611402
2003,PRT,reading_score,no,mean_se,4.02881870792393
2003,PRT,reading_score,yes,mean,504.863496318561
2003,PRT,reading_score,yes,mean_se,3.75771587241463
2003,SVK,math_score,no,mean,484.700228320835
2003,SVK,math_score,no,mean_se,17.4461417959903
2003,SVK,math_score,yes,mean,510.009462386094
2003,SVK,math_score,yes,mean_se,9.32176576738896
2003,SVK,reading_score,no,mean,451.003159747624
2003,SVK,reading_score,no,mean_se,4.01274634675261
2003,SVK,reading_score,yes,mean,485.114919759304
2003,SVK,reading_score,yes,mean_se,2.84399526800931
2003,SWE,math_score,no,mean,476.779114905724
2003,SWE,math_score,no,mean_se,12.8140689744899
2003,SWE,math_score,yes,mean,524.463928337644
2003,SWE,math_score,yes,mean_se,6.74102503154444
2003,SWE,reading_score,no,mean,481.161308067482
2003,SWE,reading_score,no,mean_se,3.82589731550031
2003,SWE,reading_score,yes,mean,530.591643053393
2003,SWE,reading_score,yes,mean_se,2.48701762988887
2003,EU28,math_score,no,mean,487.152620390037
2003,EU28,math_score,no,mean_se,1.34030107695145
2003,EU28,math_score,yes,mean,517.376413910495
2003,EU28,math_score,yes,mean_se,1.2989082698076
2003,EU28,reading_score,no,mean,480.155272121043
2003,EU28,reading_score,no,mean_se,1.21577719907093
2003,EU28,reading_score,yes,mean,515.004516329725
2003,EU28,reading_score,yes,mean_se,1.15786419334409
2006,AUT,math_score,no,mean,490.573430539307
2006,AUT,math_score,no,mean_se,29.7810820812919
2006,AUT,math_score,yes,mean,512.764135372993
2006,AUT,math_score,yes,mean_se,11.3144497008422
2006,AUT,reading_score,no,mean,465.326855286429
2006,AUT,reading_score,no,mean_se,5.72252906433877
2006,AUT,reading_score,yes,mean,503.295483027183
2006,AUT,reading_score,yes,mean_se,3.88004081055568
2006,BEL,math_score,no,mean,498.070083367117
2006,BEL,math_score,no,mean_se,9.33445326446935
2006,BEL,math_score,yes,mean,542.258925291705
2006,BEL,math_score,yes,mean_se,7.76077674280756
2006,BEL,reading_score,no,mean,476.55536260462
2006,BEL,reading_score,no,mean_se,3.87666348638721
2006,BEL,reading_score,yes,mean,525.097431953296
2006,BEL,reading_score,yes,mean_se,2.78227296844792
2006,BGR,math_score,no,mean,395.801369371745
2006,BGR,math_score,no,mean_se,37.334151859867
2006,BGR,math_score,yes,mean,429.145089166978
2006,BGR,math_score,yes,mean_se,38.2426531395975
2006,BGR,reading_score,no,mean,377.292402770126
2006,BGR,reading_score,no,mean_se,7.10050293321847
2006,BGR,reading_score,yes,mean,423.403501316676
2006,BGR,reading_score,yes,mean_se,6.47238567570782
2006,CZE,math_score,no,mean,497.556840338129
2006,CZE,math_score,no,mean_se,17.1422346074251
2006,CZE,math_score,yes,mean,525.038748105839
2006,CZE,math_score,yes,mean_se,13.4487201285339
2006,CZE,reading_score,no,mean,467.721004787151
2006,CZE,reading_score,no,mean_se,4.95368865301143
2006,CZE,reading_score,yes,mean,500.855978259262
2006,CZE,reading_score,yes,mean_se,4.15957097828896
2006,DEU,math_score,no,mean,492.075963687419
2006,DEU,math_score,no,mean_se,15.2158738685612
2006,DEU,math_score,yes,mean,516.166360402191
2006,DEU,math_score,yes,mean_se,14.4136862736365
2006,DEU,reading_score,no,mean,475.003444316842
2006,DEU,reading_score,no,mean_se,5.2803354812746
2006,DEU,reading_score,yes,mean,511.47243902412
2006,DEU,reading_score,yes,mean_se,4.20265202207503
2006,DNK,math_score,no,mean,492.137907379951
2006,DNK,math_score,no,mean_se,12.2710133023697
2006,DNK,math_score,yes,mean,523.79067537615
2006,DNK,math_score,yes,mean_se,6.40893544758632
2006,DNK,reading_score,no,mean,467.727454126566
2006,DNK,reading_score,no,mean_se,4.44025045057943
2006,DNK,reading_score,yes,mean,506.186887652799
2006,DNK,reading_score,yes,mean_se,3.04713508332122
2006,ESP,math_score,no,mean,468.407036602584
2006,ESP,math_score,no,mean_se,4.73299554790877
2006,ESP,math_score,yes,mean,494.543868035615
2006,ESP,math_score,yes,mean_se,6.84581231413661
2006,ESP,reading_score,no,mean,449.583613153559
2006,ESP,reading_score,no,mean_se,2.31204402778682
2006,ESP,reading_score,yes,mean,474.1749358705
2006,ESP,reading_score,yes,mean_se,2.56980572451504
2006,EST,math_score,no,mean,509.261924674247
2006,EST,math_score,no,mean_se,9.58678963355249
2006,EST,math_score,yes,mean,518.074082367121
2006,EST,math_score,yes,mean_se,8.58514697139035
2006,EST,reading_score,no,mean,495.216526693942
2006,EST,reading_score,no,mean_se,3.612787860583
2006,EST,reading_score,yes,mean,505.434294312292
2006,EST,reading_score,yes,mean_se,3.05007626983915
2006,FIN,math_score,no,mean,531.792623802328
2006,FIN,math_score,no,mean_se,10.0098896673893
2006,FIN,math_score,yes,mean,552.426077596287
2006,FIN,math_score,yes,mean_se,5.39155049759937
2006,FIN,reading_score,no,mean,520.74281427737
2006,FIN,reading_score,no,mean_se,3.233400216734
2006,FIN,reading_score,yes,mean,555.349403838076
2006,FIN,reading_score,yes,mean_se,2.29212511074417
2006,FRA,math_score,no,mean,481.324671006451
2006,FRA,math_score,no,mean_se,10.1499627464967
2006,FRA,math_score,yes,mean,519.990518017544
2006,FRA,math_score,yes,mean_se,13.9579535312227
2006,FRA,reading_score,no,mean,470.855620908085
2006,FRA,reading_score,no,mean_se,4.68772606635836
2006,FRA,reading_score,yes,mean,514.659284536326
2006,FRA,reading_score,yes,mean_se,4.17972085437096
2006,GBR,math_score,no,mean,478.455618744773
2006,GBR,math_score,no,mean_se,6.97424158004664
2006,GBR,math_score,yes,mean,506.789485940169
2006,GBR,math_score,yes,mean_se,4.94351460913096
2006,GBR,reading_score,no,mean,474.432769480218
2006,GBR,reading_score,no,mean_se,2.91503274654747
2006,GBR,reading_score,yes,mean,509.858993838128
2006,GBR,reading_score,yes,mean_se,2.5227834003101
2006,GRC,math_score,no,mean,456.365532813638
2006,GRC,math_score,no,mean_se,9.96607400169175
2006,GRC,math_score,yes,mean,467.910382408082
2006,GRC,math_score,yes,mean_se,14.4638603484096
2006,GRC,reading_score,no,mean,457.80584875822
2006,GRC,reading_score,no,mean_se,4.18053542740284
2006,GRC,reading_score,yes,mean,468.096640613335
2006,GRC,reading_score,yes,mean_se,4.78353149616982
2006,HRV,math_score,no,mean,459.672238992426
2006,HRV,math_score,no,mean_se,7.81597372128386
2006,HRV,math_score,yes,mean,479.799723863941
2006,HRV,math_score,yes,mean_se,6.96203543061946
2006,HRV,reading_score,no,mean,463.748657419644
2006,HRV,reading_score,no,mean_se,3.43817693491531
2006,HRV,reading_score,yes,mean,494.272542906867
2006,HRV,reading_score,yes,mean_se,2.81650436057249
2006,HUN,math_score,no,mean,475.72678930477
2006,HUN,math_score,no,mean_se,9.87004085291948
2006,HUN,math_score,yes,mean,506.869691726248
2006,HUN,math_score,yes,mean_se,10.8506480490336
2006,HUN,reading_score,no,mean,465.917480087982
2006,HUN,reading_score,no,mean_se,3.80700248991539
2006,HUN,reading_score,yes,mean,501.368078139189
2006,HUN,reading_score,yes,mean_se,3.57377574718274
2006,IRL,math_score,no,mean,491.84031348726
2006,IRL,math_score,no,mean_se,12.4254070110164
2006,IRL,math_score,yes,mean,511.725041432837
2006,IRL,math_score,yes,mean_se,7.52522364203945
2006,IRL,reading_score,no,mean,502.961104131144
2006,IRL,reading_score,no,mean_se,4.28099916927557
2006,IRL,reading_score,yes,mean,530.252083866803
2006,IRL,reading_score,yes,mean_se,3.3077464300831
2006,ITA,math_score,no,mean,442.587317697639
2006,ITA,math_score,no,mean_se,5.73247384065279
2006,ITA,math_score,yes,mean,470.016049830853
2006,ITA,math_score,yes,mean_se,6.33322597098279
2006,ITA,reading_score,no,mean,448.191618346762
2006,ITA,reading_score,no,mean_se,3.1530288651737
2006,ITA,reading_score,yes,mean,478.216360396319
2006,ITA,reading_score,yes,mean_se,2.47935780163793
2006,LTU,math_score,no,mean,466.239250562019
2006,LTU,math_score,no,mean_se,12.9225756691799
2006,LTU,math_score,yes,mean,497.211456311559
2006,LTU,math_score,yes,mean_se,8.62628884805792
2006,LTU,reading_score,no,mean,438.638773649767
2006,LTU,reading_score,no,mean_se,3.51540354712863
2006,LTU,reading_score,yes,mean,486.875645183242
2006,LTU,reading_score,yes,mean_se,3.1260655770435
2006,LUX,math_score,no,mean,460.170216011189
2006,LUX,math_score,no,mean_se,5.89462950716886
2006,LUX,math_score,yes,mean,501.958227263041
2006,LUX,math_score,yes,mean_se,1.47035274753606
2006,LUX,reading_score,no,mean,444.44893458668
2006,LUX,reading_score,no,mean_se,2.76305933111951
2006,LUX,reading_score,yes,mean,494.694067818301
2006,LUX,reading_score,yes,mean_se,1.58544878196112
2006,LVA,math_score,no,mean,478.720376865108
2006,LVA,math_score,no,mean_se,9.0781662121193
2006,LVA,math_score,yes,mean,492.564804056984
2006,LVA,math_score,yes,mean_se,11.0482942929073
2006,LVA,reading_score,no,mean,465.810733827134
2006,LVA,reading_score,no,mean_se,4.18649823481868
2006,LVA,reading_score,yes,mean,490.370625271159
2006,LVA,reading_score,yes,mean_se,3.93215559669765
2006,NLD,math_score,no,mean,507.343877252231
2006,NLD,math_score,no,mean_se,21.6500685385279
2006,NLD,math_score,yes,mean,543.42523373834
2006,NLD,math_score,yes,mean_se,6.16889972355089
2006,NLD,reading_score,no,mean,483.222840311559
2006,NLD,reading_score,no,mean_se,5.15790615819148
2006,NLD,reading_score,yes,mean,519.702910561106
2006,NLD,reading_score,yes,mean_se,2.77305168974444
2006,POL,math_score,no,mean,491.175158438673
2006,POL,math_score,no,mean_se,7.7786627064856
2006,POL,math_score,yes,mean,502.366710798371
2006,POL,math_score,yes,mean_se,7.59660320596943
2006,POL,reading_score,no,mean,497.7123635682
2006,POL,reading_score,no,mean_se,2.94324242688261
2006,POL,reading_score,yes,mean,522.117700012312
2006,POL,reading_score,yes,mean_se,3.37233894052852
2006,PRT,math_score,no,mean,450.235020326326
2006,PRT,math_score,no,mean_se,11.5538971250751
2006,PRT,math_score,yes,mean,488.790186103723
2006,PRT,math_score,yes,mean_se,7.24416131887644
2006,PRT,reading_score,no,mean,452.327362797616
2006,PRT,reading_score,no,mean_se,4.21514873506182
2006,PRT,reading_score,yes,mean,498.904685432464
2006,PRT,reading_score,yes,mean_se,3.33473864613032
2006,ROU,math_score,no,mean,406.734585422613
2006,ROU,math_score,no,mean_se,27.6127193060496
2006,ROU,math_score,yes,mean,425.990584691441
2006,ROU,math_score,yes,mean_se,20.2848000025441
2006,ROU,reading_score,no,mean,388.862584815083
2006,ROU,reading_score,no,mean_se,5.43245290765578
2006,ROU,reading_score,yes,mean,405.682912631876
2006,ROU,reading_score,yes,mean_se,5.19127114614557
2006,SVK,math_score,no,mean,473.600875087416
2006,SVK,math_score,no,mean_se,14.0961573680942
2006,SVK,math_score,yes,mean,501.634648954089
2006,SVK,math_score,yes,mean_se,7.76781454248119
2006,SVK,reading_score,no,mean,441.051715138041
2006,SVK,reading_score,no,mean_se,4.40883322283442
2006,SVK,reading_score,yes,mean,479.704299426956
2006,SVK,reading_score,yes,mean_se,3.10047933286503
2006,SVN,math_score,no,mean,485.746720496754
2006,SVN,math_score,no,mean_se,6.60348248434009
2006,SVN,math_score,yes,mean,514.014259305497
2006,SVN,math_score,yes,mean_se,1.78808069162405
2006,SVN,reading_score,no,mean,467.8170898408
2006,SVN,reading_score,no,mean_se,2.66398411187895
2006,SVN,reading_score,yes,mean,507.883669138364
2006,SVN,reading_score,yes,mean_se,1.26569180703945
2006,SWE,math_score,no,mean,479.415309500059
2006,SWE,math_score,no,mean_se,13.1960973916306
2006,SWE,math_score,yes,mean,509.312816230217
2006,SWE,math_score,yes,mean_se,6.61829586485249
2006,SWE,reading_score,no,mean,477.460280956299
2006,SWE,reading_score,no,mean_se,4.63901406158064
2006,SWE,reading_score,yes,mean,517.083998818696
2006,SWE,reading_score,yes,mean_se,3.83640764653763
2006,EU28,math_score,no,mean,475.510608526615
2006,EU28,math_score,no,mean_se,0.980082622449068
2006,EU28,math_score,yes,mean,503.033186758136
2006,EU28,math_score,yes,mean_se,0.753046213055178
2006,EU28,reading_score,no,mean,466.159620149819
2006,EU28,reading_score,no,mean_se,1.24940801971331
2006,EU28,reading_score,yes,mean,500.278614390912
2006,EU28,reading_score,yes,mean_se,1.0612770463653
2009,AUT,math_score,no,mean,480.129488625787
2009,AUT,math_score,no,mean_se,10.8687898950162
2009,AUT,math_score,yes,mean,504.723867126332
2009,AUT,math_score,yes,mean_se,8.64711644232531
2009,AUT,reading_score,no,mean,448.344501059571
2009,AUT,reading_score,no,mean_se,4.25651151976077
2009,AUT,reading_score,yes,mean,482.154131048777
2009,AUT,reading_score,yes,mean_se,2.7958014945378
2009,BEL,math_score,no,mean,487.972218576442
2009,BEL,math_score,no,mean_se,7.58173538411554
2009,BEL,math_score,yes,mean,540.45144840615
2009,BEL,math_score,yes,mean_se,5.65814152859237
2009,BEL,reading_score,no,mean,479.408301100917
2009,BEL,reading_score,no,mean_se,3.22720685892209
2009,BEL,reading_score,yes,mean,531.284848281539
2009,BEL,reading_score,yes,mean_se,2.17685925711747
2009,BGR,math_score,no,mean,411.204026091316
2009,BGR,math_score,no,mean_se,38.3360352720318
2009,BGR,math_score,yes,mean,446.7610630983
2009,BGR,math_score,yes,mean_se,34.8978575764311
2009,BGR,reading_score,no,mean,407.009421028919
2009,BGR,reading_score,no,mean_se,7.87286545979838
2009,BGR,reading_score,yes,mean,452.667765304898
2009,BGR,reading_score,yes,mean_se,6.03061217447801
2009,CZE,math_score,no,mean,484.261386109365
2009,CZE,math_score,no,mean_se,8.8073394133132
2009,CZE,math_score,yes,mean,505.568962583448
2009,CZE,math_score,yes,mean_se,10.0968622265719
2009,CZE,reading_score,no,mean,468.352448932089
2009,CZE,reading_score,no,mean_se,3.19941703700132
2009,CZE,reading_score,yes,mean,492.516686972262
2009,CZE,reading_score,yes,mean_se,2.97410499669864
2009,DEU,math_score,no,mean,496.353293065561
2009,DEU,math_score,no,mean_se,14.6723915208028
2009,DEU,math_score,yes,mean,526.063617906707
2009,DEU,math_score,yes,mean_se,8.88581030060062
2009,DEU,reading_score,no,mean,479.939507250347
2009,DEU,reading_score,no,mean_se,3.77989516972295
2009,DEU,reading_score,yes,mean,511.150934834813
2009,DEU,reading_score,yes,mean_se,2.67238842584222
2009,DNK,math_score,no,mean,476.641323814933
2009,DNK,math_score,no,mean_se,11.3952019160477
2009,DNK,math_score,yes,mean,514.877878334809
2009,DNK,math_score,yes,mean_se,7.61776551815436
2009,DNK,reading_score,no,mean,465.876799293772
2009,DNK,reading_score,no,mean_se,3.16800654800171
2009,DNK,reading_score,yes,mean,507.774823952819
2009,DNK,reading_score,yes,mean_se,2.01708983404015
2009,ESP,math_score,no,mean,463.405970953685
2009,ESP,math_score,no,mean_se,5.11671693573508
2009,ESP,math_score,yes,mean,498.568296102332
2009,ESP,math_score,yes,mean_se,4.54025607047001
2009,ESP,reading_score,no,mean,460.465821031929
2009,ESP,reading_score,no,mean_se,2.40803104457
2009,ESP,reading_score,yes,mean,496.519568313925
2009,ESP,reading_score,yes,mean_se,2.0742479717623
2009,EST,math_score,no,mean,510.032312316369
2009,EST,math_score,no,mean_se,7.75796161908763
2009,EST,math_score,yes,mean,514.944812794726
2009,EST,math_score,yes,mean_se,7.87398744157963
2009,EST,reading_score,no,mean,492.951950618381
2009,EST,reading_score,no,mean_se,3.34137812550013
2009,EST,reading_score,yes,mean,506.903536082537
2009,EST,reading_score,yes,mean_se,2.80330632817181
2009,FIN,math_score,no,mean,523.610490854266
2009,FIN,math_score,no,mean_se,9.67792407712259
2009,FIN,math_score,yes,mean,546.222754795824
2009,FIN,math_score,yes,mean_se,4.72132257278404
2009,FIN,reading_score,no,mean,508.46321363365
2009,FIN,reading_score,no,mean_se,3.46239449275056
2009,FIN,reading_score,yes,mean,544.964937134051
2009,FIN,reading_score,yes,mean_se,2.19757506807996
2009,FRA,math_score,no,mean,479.175660467735
2009,FRA,math_score,no,mean_se,9.85486719482584
2009,FRA,math_score,yes,mean,525.335623351117
2009,FRA,math_score,yes,mean_se,14.5539437729136
2009,FRA,reading_score,no,mean,477.45931197024
2009,FRA,reading_score,no,mean_se,3.52117358504127
2009,FRA,reading_score,yes,mean,523.515714401114
2009,FRA,reading_score,yes,mean_se,4.68207868125964
2009,GBR,math_score,no,mean,474.845151239906
2009,GBR,math_score,no,mean_se,10.2528118357682
2009,GBR,math_score,yes,mean,505.875595741276
2009,GBR,math_score,yes,mean_se,5.54224967815925
2009,GBR,reading_score,no,mean,473.775948809903
2009,GBR,reading_score,no,mean_se,3.24012048736795
2009,GBR,reading_score,yes,mean,509.863637109522
2009,GBR,reading_score,yes,mean_se,2.10845207757644
2009,GRC,math_score,no,mean,447.616819485584
2009,GRC,math_score,no,mean_se,25.4528109561572
2009,GRC,math_score,yes,mean,478.246192224554
2009,GRC,math_score,yes,mean_se,12.4437526464611
2009,GRC,reading_score,no,mean,457.447452984208
2009,GRC,reading_score,no,mean_se,5.93051468018352
2009,GRC,reading_score,yes,mean,498.609884288157
2009,GRC,reading_score,yes,mean_se,3.62343112091376
2009,HRV,math_score,no,mean,447.628564091828
2009,HRV,math_score,no,mean_se,9.62870961150197
2009,HRV,math_score,yes,mean,473.631644049494
2009,HRV,math_score,yes,mean_se,11.6277250628318
2009,HRV,reading_score,no,mean,460.218570134062
2009,HRV,reading_score,no,mean_se,3.34170258664775
2009,HRV,reading_score,yes,mean,493.043701927864
2009,HRV,reading_score,yes,mean_se,2.98691759000341
2009,HUN,math_score,no,mean,472.197394725504
2009,HUN,math_score,no,mean_se,14.095340712293
2009,HUN,math_score,yes,mean,512.07982616389
2009,HUN,math_score,yes,mean_se,16.6479534631561
2009,HUN,reading_score,no,mean,474.009772537978
2009,HUN,reading_score,no,mean_se,3.7967409874116
2009,HUN,reading_score,yes,mean,517.536711525785
2009,HUN,reading_score,yes,mean_se,3.37422663946937
2009,IRL,math_score,no,mean,476.752611379331
2009,IRL,math_score,no,mean_se,11.0067299338182
2009,IRL,math_score,yes,mean,497.183606961074
2009,IRL,math_score,yes,mean_se,6.7411933190222
2009,IRL,reading_score,no,mean,481.654570692325
2009,IRL,reading_score,no,mean_se,4.00113445827811
2009,IRL,reading_score,yes,mean,510.13164943823
2009,IRL,reading_score,yes,mean_se,3.00895472887057
2009,ITA,math_score,no,mean,465.012762180617
2009,ITA,math_score,no,mean_se,4.53203015785503
2009,ITA,math_score,yes,mean,491.709169541087
2009,ITA,math_score,yes,mean_se,3.47152235944657
2009,ITA,reading_score,no,mean,463.317137419599
2009,ITA,reading_score,no,mean_se,2.07215128522837
2009,ITA,reading_score,yes,mean,496.73786706321
2009,ITA,reading_score,yes,mean_se,1.57101361432576
2009,LTU,math_score,no,mean,456.427226396891
2009,LTU,math_score,no,mean_se,16.1849625549029
2009,LTU,math_score,yes,mean,486.983274458203
2009,LTU,math_score,yes,mean_se,6.33886291898122
2009,LTU,reading_score,no,mean,441.901712355706
2009,LTU,reading_score,no,mean_se,3.71556125242105
2009,LTU,reading_score,yes,mean,481.762796341123
2009,LTU,reading_score,yes,mean_se,2.23607690055647
2009,LUX,math_score,no,mean,456.666806668929
2009,LUX,math_score,no,mean_se,8.82825934566912
2009,LUX,math_score,yes,mean,499.975482998005
2009,LUX,math_score,yes,mean_se,1.67819582577675
2009,LUX,reading_score,no,mean,436.830711608625
2009,LUX,reading_score,no,mean_se,3.08048481615611
2009,LUX,reading_score,yes,mean,484.092601407332
2009,LUX,reading_score,yes,mean_se,1.57395609277264
2009,LVA,math_score,no,mean,476.497441389657
2009,LVA,math_score,no,mean_se,12.1246594031624
2009,LVA,math_score,yes,mean,488.915491505719
2009,LVA,math_score,yes,mean_se,11.1093450321717
2009,LVA,reading_score,no,mean,476.148389682248
2009,LVA,reading_score,no,mean_se,3.284309171347
2009,LVA,reading_score,yes,mean,492.477779660299
2009,LVA,reading_score,yes,mean_se,3.41173516037512
2009,MLT,math_score,no,mean,437.576272799338
2009,MLT,math_score,no,mean_se,6.58451742317036
2009,MLT,math_score,yes,mean,481.145928807716
2009,MLT,math_score,yes,mean_se,4.54517762168218
2009,MLT,reading_score,no,mean,414.700955386649
2009,MLT,reading_score,no,mean_se,3.17372616060932
2009,MLT,reading_score,yes,mean,462.771200680197
2009,MLT,reading_score,yes,mean_se,2.51018501414036
2009,NLD,math_score,no,mean,510.014944110631
2009,NLD,math_score,no,mean_se,27.5784417759329
2009,NLD,math_score,yes,mean,535.370292584633
2009,NLD,math_score,yes,mean_se,23.0675670958213
2009,NLD,reading_score,no,mean,488.304422423792
2009,NLD,reading_score,no,mean_se,5.23499206531164
2009,NLD,reading_score,yes,mean,519.09095102068
2009,NLD,reading_score,yes,mean_se,5.35130263492852
2009,POL,math_score,no,mean,489.669840737549
2009,POL,math_score,no,mean_se,9.85409631752432
2009,POL,math_score,yes,mean,502.621528280077
2009,POL,math_score,yes,mean_se,9.22637750250362
2009,POL,reading_score,no,mean,492.848154763647
2009,POL,reading_score,no,mean_se,3.10216836364159
2009,POL,reading_score,yes,mean,509.900356272482
2009,POL,reading_score,yes,mean_se,2.82449782800118
2009,PRT,math_score,no,mean,471.50781410887
2009,PRT,math_score,no,mean_se,9.07601369307923
2009,PRT,math_score,yes,mean,502.964225192328
2009,PRT,math_score,yes,mean_se,12.4076654919157
2009,PRT,reading_score,no,mean,475.027346790268
2009,PRT,reading_score,no,mean_se,3.4195636999114
2009,PRT,reading_score,yes,mean,505.775016597635
2009,PRT,reading_score,yes,mean_se,3.28700364448151
2009,ROU,math_score,no,mean,417.895908884075
2009,ROU,math_score,no,mean_se,13.743020139007
2009,ROU,math_score,yes,mean,440.830104359138
2009,ROU,math_score,yes,mean_se,11.6320061684996
2009,ROU,reading_score,no,mean,413.481460046532
2009,ROU,reading_score,no,mean_se,4.5899385105024
2009,ROU,reading_score,yes,mean,440.363511899861
2009,ROU,reading_score,yes,mean_se,3.88007851553484
2009,SVK,math_score,no,mean,473.357235389376
2009,SVK,math_score,no,mean_se,13.2761071956111
2009,SVK,math_score,yes,mean,509.117258603341
2009,SVK,math_score,yes,mean_se,9.9213345395855
2009,SVK,reading_score,no,mean,453.740450049208
2009,SVK,reading_score,no,mean_se,3.93640538052032
2009,SVK,reading_score,yes,mean,490.386854147099
2009,SVK,reading_score,yes,mean_se,2.3756013220506
2009,SVN,math_score,no,mean,479.470515421208
2009,SVN,math_score,no,mean_se,5.97165039671837
2009,SVN,math_score,yes,mean,511.789333313316
2009,SVN,math_score,yes,mean_se,2.70895071806021
2009,SVN,reading_score,no,mean,458.256789918338
2009,SVN,reading_score,no,mean_se,2.48683518942043
2009,SVN,reading_score,yes,mean,494.931216897847
2009,SVN,reading_score,yes,mean_se,1.36845456116007
2009,SWE,math_score,no,mean,465.488630549823
2009,SWE,math_score,no,mean_se,18.663080943872
2009,SWE,math_score,yes,mean,502.048301079512
2009,SWE,math_score,yes,mean_se,7.66316235510507
2009,SWE,reading_score,no,mean,463.494799151839
2009,SWE,reading_score,no,mean_se,4.95177340385394
2009,SWE,reading_score,yes,mean,506.753099293038
2009,SWE,reading_score,yes,mean_se,2.87333142027667
2009,EU28,math_score,no,mean,476.401391291681
2009,EU28,math_score,no,mean_se,0.940379963032926
2009,EU28,math_score,yes,mean,507.821306887862
2009,EU28,math_score,yes,mean_se,0.591830789338933
2009,EU28,reading_score,no,mean,471.881084199277
2009,EU28,reading_score,no,mean_se,1.04265103620357
2009,EU28,reading_score,yes,mean,505.647930243039
2009,EU28,reading_score,yes,mean_se,0.791497286235178
2012,AUT,math_score,no,mean,491.38945965659
2012,AUT,math_score,no,mean_se,13.1501645119616
2012,AUT,math_score,yes,mean,514.476782584728
2012,AUT,math_score,yes,mean_se,7.13262835042074
2012,AUT,reading_score,no,mean,472.886792508924
2012,AUT,reading_score,no,mean_se,3.85406652847322
2012,AUT,reading_score,yes,mean,499.609298460318
2012,AUT,reading_score,yes,mean_se,2.87832244816213
2012,BEL,math_score,no,mean,495.381287586994
2012,BEL,math_score,no,mean_se,7.26405218856328
2012,BEL,math_score,yes,mean,534.657548788838
2012,BEL,math_score,yes,mean_se,5.38052912605579
2012,BEL,reading_score,no,mean,490.654565718431
2012,BEL,reading_score,no,mean_se,3.12380883515257
2012,BEL,reading_score,yes,mean,530.158234576731
2012,BEL,reading_score,yes,mean_se,2.3419665360762
2012,BGR,math_score,no,mean,417.153609211566
2012,BGR,math_score,no,mean_se,13.4037216796664
2012,BGR,math_score,yes,mean,458.627323450302
2012,BGR,math_score,yes,mean_se,19.9115291743931
2012,BGR,reading_score,no,mean,406.354650353669
2012,BGR,reading_score,no,mean_se,5.76767647627175
2012,BGR,reading_score,yes,mean,462.979380485957
2012,BGR,reading_score,yes,mean_se,6.06857788558646
2012,CZE,math_score,no,mean,489.691598928494
2012,CZE,math_score,no,mean_se,12.1749753390462
2012,CZE,math_score,yes,mean,510.097359110882
2012,CZE,math_score,yes,mean_se,8.09166536953441
2012,CZE,reading_score,no,mean,482.473534753789
2012,CZE,reading_score,no,mean_se,3.59000814073448
2012,CZE,reading_score,yes,mean,507.331214867718
2012,CZE,reading_score,yes,mean_se,2.81380592443204
2012,DEU,math_score,no,mean,508.692302805745
2012,DEU,math_score,no,mean_se,14.255533568486
2012,DEU,math_score,yes,mean,526.002292431987
2012,DEU,math_score,yes,mean_se,11.7454878088185
2012,DEU,reading_score,no,mean,504.007041700681
2012,DEU,reading_score,no,mean_se,3.34725374775526
2012,DEU,reading_score,yes,mean,522.308172113372
2012,DEU,reading_score,yes,mean_se,3.13275581858721
2012,DNK,math_score,no,mean,480.21218052711
2012,DNK,math_score,no,mean_se,11.1232713926338
2012,DNK,math_score,yes,mean,509.333042499258
2012,DNK,math_score,yes,mean_se,5.00076111675727
2012,DNK,reading_score,no,mean,472.704848783063
2012,DNK,reading_score,no,mean_se,3.7462400397945
2012,DNK,reading_score,yes,mean,507.16436891419
2012,DNK,reading_score,yes,mean_se,2.46246053407374
2012,ESP,math_score,no,mean,464.276832989349
2012,ESP,math_score,no,mean_se,4.874060717001
2012,ESP,math_score,yes,mean,500.07907095791
2012,ESP,math_score,yes,mean_se,3.18707275365092
2012,ESP,reading_score,no,mean,469.874377940584
2012,ESP,reading_score,no,mean_se,2.33028828012077
2012,ESP,reading_score,yes,mean,504.505966123133
2012,ESP,reading_score,yes,mean_se,1.93214194741884
2012,EST,math_score,no,mean,515.580513324086
2012,EST,math_score,no,mean_se,5.65713403325605
2012,EST,math_score,yes,mean,526.168099714768
2012,EST,math_score,yes,mean_se,5.30855548331704
2012,EST,reading_score,no,mean,507.30470912078
2012,EST,reading_score,no,mean_se,2.65357506717254
2012,EST,reading_score,yes,mean,523.249307719806
2012,EST,reading_score,yes,mean_se,2.3715564433885
2012,FIN,math_score,no,mean,502.608370477764
2012,FIN,math_score,no,mean_se,13.0517950437693
2012,FIN,math_score,yes,mean,526.625123921938
2012,FIN,math_score,yes,mean_se,2.55163003722583
2012,FIN,reading_score,no,mean,497.683726432157
2012,FIN,reading_score,no,mean_se,4.46735469927729
2012,FIN,reading_score,yes,mean,536.023587757697
2012,FIN,reading_score,yes,mean_se,1.95040366231255
2012,FRA,math_score,no,mean,481.723444649995
2012,FRA,math_score,no,mean_se,7.18106055079871
2012,FRA,math_score,yes,mean,521.466653148315
2012,FRA,math_score,yes,mean_se,8.45595408498958
2012,FRA,reading_score,no,mean,491.73912328678
2012,FRA,reading_score,no,mean_se,3.17039467402975
2012,FRA,reading_score,yes,mean,533.686332840913
2012,FRA,reading_score,yes,mean_se,3.29307118225868
2012,GBR,math_score,no,mean,481.472844866416
2012,GBR,math_score,no,mean_se,23.1238132830499
2012,GBR,math_score,yes,mean,508.704110401378
2012,GBR,math_score,yes,mean_se,8.3062461574367
2012,GBR,reading_score,no,mean,484.867955206398
2012,GBR,reading_score,no,mean_se,5.12804082538876
2012,GBR,reading_score,yes,mean,515.763458851087
2012,GBR,reading_score,yes,mean_se,3.19348630911913
2012,GRC,math_score,no,mean,431.766198532219
2012,GRC,math_score,no,mean_se,12.3759884319672
2012,GRC,math_score,yes,mean,467.574756370786
2012,GRC,math_score,yes,mean_se,5.96905204354105
2012,GRC,reading_score,no,mean,453.898404851606
2012,GRC,reading_score,no,mean_se,4.66402270699805
2012,GRC,reading_score,yes,mean,493.370964333793
2012,GRC,reading_score,yes,mean_se,2.9211798316789
2012,HRV,math_score,no,mean,460.996571402071
2012,HRV,math_score,no,mean_se,10.8647750528934
2012,HRV,math_score,yes,mean,483.508833705427
2012,HRV,math_score,yes,mean_se,19.1574141199291
2012,HRV,reading_score,no,mean,469.557371195949
2012,HRV,reading_score,no,mean_se,3.83403710694939
2012,HRV,reading_score,yes,mean,500.395688308507
2012,HRV,reading_score,yes,mean_se,3.41665764207489
2012,HUN,math_score,no,mean,459.79223615542
2012,HUN,math_score,no,mean_se,11.003788997472
2012,HUN,math_score,yes,mean,497.478264919546
2012,HUN,math_score,yes,mean_se,13.1191302968782
2012,HUN,reading_score,no,mean,471.071248940709
2012,HUN,reading_score,no,mean_se,3.74257452640924
2012,HUN,reading_score,yes,mean,509.44114360611
2012,HUN,reading_score,yes,mean_se,3.42188701223795
2012,IRL,math_score,no,mean,490.505701051701
2012,IRL,math_score,no,mean_se,9.42154204387683
2012,IRL,math_score,yes,mean,509.502908086669
2012,IRL,math_score,yes,mean_se,4.36809372827345
2012,IRL,reading_score,no,mean,503.86754808863
2012,IRL,reading_score,no,mean_se,3.59018488564171
2012,IRL,reading_score,yes,mean,534.320953087692
2012,IRL,reading_score,yes,mean_se,2.44544465919811
2012,ITA,math_score,no,mean,468.411484406218
2012,ITA,math_score,no,mean_se,4.7453507592679
2012,ITA,math_score,yes,mean,494.240840306164
2012,ITA,math_score,yes,mean_se,4.86092367052363
2012,ITA,reading_score,no,mean,469.322785985289
2012,ITA,reading_score,no,mean_se,2.31994613908871
2012,ITA,reading_score,yes,mean,500.485271391845
2012,ITA,reading_score,yes,mean_se,2.03862669387849
2012,LTU,math_score,no,mean,459.238678855278
2012,LTU,math_score,no,mean_se,12.4645359587512
2012,LTU,math_score,yes,mean,491.329965283353
2012,LTU,math_score,yes,mean_se,6.42674568149932
2012,LTU,reading_score,no,mean,452.682633529109
2012,LTU,reading_score,no,mean_se,3.15514834203325
2012,LTU,reading_score,yes,mean,492.561275189735
2012,LTU,reading_score,yes,mean_se,2.38479492955748
2012,LUX,math_score,no,mean,464.708704094437
2012,LUX,math_score,no,mean_se,5.56317158677049
2012,LUX,math_score,yes,mean,499.310080310625
2012,LUX,math_score,yes,mean_se,1.25252077842771
2012,LUX,reading_score,no,mean,457.307642813418
2012,LUX,reading_score,no,mean_se,3.30038092776589
2012,LUX,reading_score,yes,mean,499.920290503229
2012,LUX,reading_score,yes,mean_se,1.67566179028311
2012,LVA,math_score,no,mean,484.681847152811
2012,LVA,math_score,no,mean_se,12.2397001616449
2012,LVA,math_score,yes,mean,496.67541654043
2012,LVA,math_score,yes,mean_se,10.3290572990089
2012,LVA,reading_score,no,mean,479.783933556098
2012,LVA,reading_score,no,mean_se,3.3529767987733
2012,LVA,reading_score,yes,mean,496.649673519457
2012,LVA,reading_score,yes,mean_se,2.99369082052363
2012,NLD,math_score,no,mean,513.426075021973
2012,NLD,math_score,no,mean_se,25.6159326188199
2012,NLD,math_score,yes,mean,532.88286317498
2012,NLD,math_score,yes,mean_se,11.4651195285637
2012,NLD,reading_score,no,mean,498.212734126285
2012,NLD,reading_score,no,mean_se,4.41391979463866
2012,NLD,reading_score,yes,mean,521.707330324273
2012,NLD,reading_score,yes,mean_se,3.44146842686558
2012,POL,math_score,no,mean,510.575083612753
2012,POL,math_score,no,mean_se,10.8086451354287
2012,POL,math_score,yes,mean,525.321751187214
2012,POL,math_score,yes,mean_se,19.1641021350679
2012,POL,reading_score,no,mean,511.270043304111
2012,POL,reading_score,no,mean_se,3.29364890877013
2012,POL,reading_score,yes,mean,525.963719109288
2012,POL,reading_score,yes,mean_se,3.79535843748665
2012,PRT,math_score,no,mean,472.453997154112
2012,PRT,math_score,no,mean_se,18.6940853328397
2012,PRT,math_score,yes,mean,500.287880334038
2012,PRT,math_score,yes,mean_se,13.7530807936708
2012,PRT,reading_score,no,mean,473.165307133561
2012,PRT,reading_score,no,mean_se,4.66910776293898
2012,PRT,reading_score,yes,mean,501.641067692044
2012,PRT,reading_score,yes,mean_se,3.48772609563979
2012,ROU,math_score,no,mean,428.816249135537
2012,ROU,math_score,no,mean_se,12.6352013353616
2012,ROU,math_score,yes,mean,462.580379726011
2012,ROU,math_score,yes,mean_se,16.7752983179874
2012,ROU,reading_score,no,mean,422.203791436719
2012,ROU,reading_score,no,mean_se,3.92816234325737
2012,ROU,reading_score,yes,mean,455.893686354837
2012,ROU,reading_score,yes,mean_se,4.37623861273362
2012,SVK,math_score,no,mean,452.335011610178
2012,SVK,math_score,no,mean_se,19.1325950054693
2012,SVK,math_score,yes,mean,503.314081508856
2012,SVK,math_score,yes,mean_se,10.5225397753242
2012,SVK,reading_score,no,mean,431.917699629292
2012,SVK,reading_score,no,mean_se,5.55331623847227
2012,SVK,reading_score,yes,mean,485.862311534416
2012,SVK,reading_score,yes,mean_se,3.89649004619834
2012,SVN,math_score,no,mean,489.840677187392
2012,SVN,math_score,no,mean_se,6.51182804560426
2012,SVN,math_score,yes,mean,509.096691050905
2012,SVN,math_score,yes,mean_se,1.67913569127987
2012,SVN,reading_score,no,mean,465.273204450525
2012,SVN,reading_score,no,mean_se,2.30892533140506
2012,SVN,reading_score,yes,mean,490.469927460439
2012,SVN,reading_score,yes,mean_se,1.67419091030585
2012,SWE,math_score,no,mean,454.784949694208
2012,SWE,math_score,no,mean_se,11.6053239753158
2012,SWE,math_score,yes,mean,489.870471570325
2012,SWE,math_score,yes,mean_se,5.32323532268759
2012,SWE,reading_score,no,mean,452.052178003337
2012,SWE,reading_score,no,mean_se,4.70602526269121
2012,SWE,reading_score,yes,mean,498.613634433182
2012,SWE,reading_score,yes,mean_se,2.86849853036484
2012,EU28,math_score,no,mean,481.655765816415
2012,EU28,math_score,no,mean_se,1.30098533432459
2012,EU28,math_score,yes,mean,509.482952573259
2012,EU28,math_score,yes,mean_se,0.804477593993615
2012,EU28,reading_score,no,mean,483.550428135667
2012,EU28,reading_score,no,mean_se,1.18169822763089
2012,EU28,reading_score,yes,mean,512.538062799442
2012,EU28,reading_score,yes,mean_se,0.874688449135687
2015,AUT,math_score,no,mean,481.967585209698
2015,AUT,math_score,no,mean_se,15.8021854749564
2015,AUT,math_score,yes,mean,503.718626796555
2015,AUT,math_score,yes,mean_se,7.84249779378924
2015,AUT,reading_score,no,mean,461.558565691755
2015,AUT,reading_score,no,mean_se,4.16146603209376
2015,AUT,reading_score,yes,mean,494.824480479042
2015,AUT,reading_score,yes,mean_se,2.74463861024919
2015,BEL,math_score,no,mean,490.823270204149
2015,BEL,math_score,no,mean_se,5.89761036485205
2015,BEL,math_score,yes,mean,522.28691496106
2015,BEL,math_score,yes,mean_se,6.67503142433734
2015,BEL,reading_score,no,mean,480.822822661425
2015,BEL,reading_score,no,mean_se,2.62037540873735
2015,BEL,reading_score,yes,mean,517.236696349929
2015,BEL,reading_score,yes,mean_se,2.67238258020805
2015,BGR,math_score,no,mean,421.769071096416
2015,BGR,math_score,no,mean_se,16.4852473268575
2015,BGR,math_score,yes,mean,459.488964060236
2015,BGR,math_score,yes,mean_se,14.7440619397043
2015,BGR,reading_score,no,mean,409.779509632948
2015,BGR,reading_score,no,mean_se,5.38399720702578
2015,BGR,reading_score,yes,mean,455.746620289451
2015,BGR,reading_score,yes,mean_se,4.59585550940406
2015,CZE,math_score,no,mean,482.342117221706
2015,CZE,math_score,no,mean_se,5.28310531632107
2015,CZE,math_score,yes,mean,512.237986788712
2015,CZE,math_score,yes,mean_se,5.88870951557362
2015,CZE,reading_score,no,mean,476.671325944703
2015,CZE,reading_score,no,mean_se,2.75345907260315
2015,CZE,reading_score,yes,mean,511.953613912245
2015,CZE,reading_score,yes,mean_se,2.60330310158867
2015,DEU,math_score,no,mean,500.952720622709
2015,DEU,math_score,no,mean_se,12.1941574792105
2015,DEU,math_score,yes,mean,517.270314833253
2015,DEU,math_score,yes,mean_se,7.02423593878084
2015,DEU,reading_score,no,mean,502.959815645733
2015,DEU,reading_score,no,mean_se,4.23663399841737
2015,DEU,reading_score,yes,mean,523.449989626333
2015,DEU,reading_score,yes,mean_se,3.12392652507829
2015,DNK,math_score,no,mean,491.21067622315
2015,DNK,math_score,no,mean_se,9.77281426237603
2015,DNK,math_score,yes,mean,519.392872938967
2015,DNK,math_score,yes,mean_se,4.35368931765298
2015,DNK,reading_score,no,mean,475.384932901554
2015,DNK,reading_score,no,mean_se,3.39779693644563
2015,DNK,reading_score,yes,mean,509.906430481878
2015,DNK,reading_score,yes,mean_se,2.60501733762056
2015,ESP,math_score,no,mean,466.919796189563
2015,ESP,math_score,no,mean_se,7.42636990251806
2015,ESP,math_score,yes,mean,498.844435956875
2015,ESP,math_score,yes,mean_se,3.93475826295058
2015,ESP,reading_score,no,mean,474.982065457267
2015,ESP,reading_score,no,mean_se,2.949099424211
2015,ESP,reading_score,yes,mean,509.888931398591
2015,ESP,reading_score,yes,mean_se,2.45198861214013
2015,EST,math_score,no,mean,515.403314865182
2015,EST,math_score,no,mean_se,7.96149155106031
2015,EST,math_score,yes,mean,524.683035739929
2015,EST,math_score,yes,mean_se,3.98933426288652
2015,EST,reading_score,no,mean,514.674753974678
2015,EST,reading_score,no,mean_se,3.05095048159541
2015,EST,reading_score,yes,mean,523.66475774782
2015,EST,reading_score,yes,mean_se,2.51718352491304
2015,FIN,math_score,no,mean,492.175557433699
2015,FIN,math_score,no,mean_se,10.2246775634291
2015,FIN,math_score,yes,mean,519.572631485899
2015,FIN,math_score,yes,mean_se,3.47844876959529
2015,FIN,reading_score,no,mean,503.848158835125
2015,FIN,reading_score,no,mean_se,3.67711214032794
2015,FIN,reading_score,yes,mean,537.092233783774
2015,FIN,reading_score,yes,mean_se,2.46284355384289
2015,FRA,math_score,no,mean,481.064535086068
2015,FRA,math_score,no,mean_se,5.03073965097532
2015,FRA,math_score,yes,mean,517.749566089358
2015,FRA,math_score,yes,mean_se,7.82093451097217
2015,FRA,reading_score,no,mean,484.398873925366
2015,FRA,reading_score,no,mean_se,2.74049214596367
2015,FRA,reading_score,yes,mean,530.633109691047
2015,FRA,reading_score,yes,mean_se,3.44089474578821
2015,GBR,math_score,no,mean,480.664576255598
2015,GBR,math_score,no,mean_se,6.686164967764
2015,GBR,math_score,yes,mean,506.981722327792
2015,GBR,math_score,yes,mean_se,6.40978973798329
2015,GBR,reading_score,no,mean,484.094938800389
2015,GBR,reading_score,no,mean_se,3.11863335063859
2015,GBR,reading_score,yes,mean,514.025115904766
2015,GBR,reading_score,yes,mean_se,3.18232030826415
2015,GRC,math_score,no,mean,437.12418274104
2015,GRC,math_score,no,mean_se,17.566210933898
2015,GRC,math_score,yes,mean,465.445955865211
2015,GRC,math_score,yes,mean_se,10.8889480834183
2015,GRC,reading_score,no,mean,443.031214676086
2015,GRC,reading_score,no,mean_se,5.43342158526017
2015,GRC,reading_score,yes,mean,481.717261359863
2015,GRC,reading_score,yes,mean_se,3.98901075441714
2015,HRV,math_score,no,mean,455.794875593995
2015,HRV,math_score,no,mean_se,8.54928073746598
2015,HRV,math_score,yes,mean,476.612793119195
2015,HRV,math_score,yes,mean_se,6.80943207489589
2015,HRV,reading_score,no,mean,474.688219357977
2015,HRV,reading_score,no,mean_se,3.20153361645425
2015,HRV,reading_score,yes,mean,501.226210153179
2015,HRV,reading_score,yes,mean_se,3.07836460196169
2015,HUN,math_score,no,mean,459.604140460279
2015,HUN,math_score,no,mean_se,9.4153290216676
2015,HUN,math_score,yes,mean,496.333776781856
2015,HUN,math_score,yes,mean_se,6.56236756944987
2015,HUN,reading_score,no,mean,444.59524403952
2015,HUN,reading_score,no,mean_se,3.36861745652957
2015,HUN,reading_score,yes,mean,492.801888561998
2015,HUN,reading_score,yes,mean_se,2.76369215356345
2015,IRL,math_score,no,mean,490.92476386943
2015,IRL,math_score,no,mean_se,6.84343896280498
2015,IRL,math_score,yes,mean,511.891218622173
2015,IRL,math_score,yes,mean_se,4.04163876058941
2015,IRL,reading_score,no,mean,504.644318405845
2015,IRL,reading_score,no,mean_se,3.02297486611018
2015,IRL,reading_score,yes,mean,531.123607559113
2015,IRL,reading_score,yes,mean_se,2.48162926118865
2015,ITA,math_score,no,mean,475.160160725812
2015,ITA,math_score,no,mean_se,12.7374213478381
2015,ITA,math_score,yes,mean,496.948407385324
2015,ITA,math_score,yes,mean_se,7.89930028674735
2015,ITA,reading_score,no,mean,466.271692590281
2015,ITA,reading_score,no,mean_se,3.81803073056868
2015,ITA,reading_score,yes,mean,493.897551215106
2015,ITA,reading_score,yes,mean_se,2.78933427052193
2015,LTU,math_score,no,mean,468.768447420551
2015,LTU,math_score,no,mean_se,6.99789095220488
2015,LTU,math_score,yes,mean,486.298507058723
2015,LTU,math_score,yes,mean_se,4.96560406642271
2015,LTU,reading_score,no,mean,456.779152027799
2015,LTU,reading_score,no,mean_se,3.2428530660696
2015,LTU,reading_score,yes,mean,482.785412044755
2015,LTU,reading_score,yes,mean_se,2.78013617158301
2015,LUX,math_score,no,mean,455.462099960594
2015,LUX,math_score,no,mean_se,4.78614406887883
2015,LUX,math_score,yes,mean,496.768824928963
2015,LUX,math_score,yes,mean_se,1.2230434854033
2015,LUX,reading_score,no,mean,449.833187515191
2015,LUX,reading_score,no,mean_se,2.48262048803524
2015,LUX,reading_score,yes,mean,493.210824607354
2015,LUX,reading_score,yes,mean_se,1.7573549464232
2015,LVA,math_score,no,mean,479.482824788515
2015,LVA,math_score,no,mean_se,5.53371224943732
2015,LVA,math_score,yes,mean,487.370582056451
2015,LVA,math_score,yes,mean_se,2.93603849393238
2015,LVA,reading_score,no,mean,480.346265440864
2015,LVA,reading_score,no,mean_se,2.81462823827936
2015,LVA,reading_score,yes,mean,493.643983625668
2015,LVA,reading_score,yes,mean_se,2.02026444454463
2015,MLT,math_score,no,mean,449.488913986966
2015,MLT,math_score,no,mean_se,9.10239529524921
2015,MLT,math_score,yes,mean,493.851081264862
2015,MLT,math_score,yes,mean_se,4.17586545515628
2015,MLT,reading_score,no,mean,410.742282394357
2015,MLT,reading_score,no,mean_se,3.88514800742955
2015,MLT,reading_score,yes,mean,466.416292595918
2015,MLT,reading_score,yes,mean_se,2.36783582700116
2015,NLD,math_score,no,mean,498.654998817455
2015,NLD,math_score,no,mean_se,9.0328289094159
2015,NLD,math_score,yes,mean,521.467138259617
2015,NLD,math_score,yes,mean_se,5.35276183989732
2015,NLD,reading_score,no,mean,482.257723152938
2015,NLD,reading_score,no,mean_se,3.61097884980943
2015,NLD,reading_score,yes,mean,515.667604964985
2015,NLD,reading_score,yes,mean_se,2.62729603285916
2015,POL,math_score,no,mean,500.290792146952
2015,POL,math_score,no,mean_se,7.84161192256855
2015,POL,math_score,yes,mean,508.776826679948
2015,POL,math_score,yes,mean_se,6.95456211055054
2015,POL,reading_score,no,mean,498.630570598507
2015,POL,reading_score,no,mean_se,2.96867388971452
2015,POL,reading_score,yes,mean,513.686577897421
2015,POL,reading_score,yes,mean_se,2.8076039637263
2015,PRT,math_score,no,mean,480.745288727194
2015,PRT,math_score,no,mean_se,8.24355065012231
2015,PRT,math_score,yes,mean,499.199805663813
2015,PRT,math_score,yes,mean_se,5.54559551109985
2015,PRT,reading_score,no,mean,483.816445197667
2015,PRT,reading_score,no,mean_se,3.39820059822592
2015,PRT,reading_score,yes,mean,505.672781354467
2015,PRT,reading_score,yes,mean_se,2.86540584675241
2015,ROU,math_score,no,mean,428.502657926226
2015,ROU,math_score,no,mean_se,13.4555036168501
2015,ROU,math_score,yes,mean,457.72340903012
2015,ROU,math_score,yes,mean_se,14.1391894928017
2015,ROU,reading_score,no,mean,417.907100728143
2015,ROU,reading_score,no,mean_se,4.37264508958782
2015,ROU,reading_score,yes,mean,447.911315844703
2015,ROU,reading_score,yes,mean_se,4.47357418502017
2015,SVK,math_score,no,mean,455.556197401497
2015,SVK,math_score,no,mean_se,12.8025474429804
2015,SVK,math_score,yes,mean,493.68142530319
2015,SVK,math_score,yes,mean_se,5.01002039002344
2015,SVK,reading_score,no,mean,426.113259342193
2015,SVK,reading_score,no,mean_se,3.82062051178824
2015,SVK,reading_score,yes,mean,475.621061528378
2015,SVK,reading_score,yes,mean_se,2.7015962844811
2015,SVN,math_score,no,mean,496.998330829949
2015,SVN,math_score,no,mean_se,5.45741448930681
2015,SVN,math_score,yes,mean,517.135791951041
2015,SVN,math_score,yes,mean_se,2.35364303570371
2015,SVN,reading_score,no,mean,484.909032550506
2015,SVN,reading_score,no,mean_se,3.28212291014168
2015,SVN,reading_score,yes,mean,515.572613450871
2015,SVN,reading_score,yes,mean_se,1.74460714363621
2015,SWE,math_score,no,mean,472.573940724097
2015,SWE,math_score,no,mean_se,14.4849628600565
2015,SWE,math_score,yes,mean,504.252009760269
2015,SWE,math_score,yes,mean_se,8.80502967916848
2015,SWE,reading_score,no,mean,474.460789872434
2015,SWE,reading_score,no,mean_se,4.3026245733799
2015,SWE,reading_score,yes,mean,514.049648921474
2015,SWE,reading_score,yes,mean_se,3.34393334917224
2015,EU28,math_score,no,mean,480.041019711673
2015,EU28,math_score,no,mean_se,0.618652923170832
2015,EU28,math_score,yes,mean,505.131956580349
2015,EU28,math_score,yes,mean_se,0.664660476045258
2015,EU28,reading_score,no,mean,479.431156529238
2015,EU28,reading_score,no,mean_se,0.956520957532132
2015,EU28,reading_score,yes,mean,509.377265734582
2015,EU28,reading_score,yes,mean_se,0.938760125998334
2018,AUT,math_score,no,mean,479.913824682597
2018,AUT,math_score,no,mean_se,10.8601301351557
2018,AUT,math_score,yes,mean,505.048249822557
2018,AUT,math_score,yes,mean_se,7.60698905552394
2018,AUT,reading_score,no,mean,462.211950912092
2018,AUT,reading_score,no,mean_se,3.9093453609157
2018,AUT,reading_score,yes,mean,492.60966432127
2018,AUT,reading_score,yes,mean_se,2.64830050328132
2018,BEL,math_score,no,mean,489.906551106118
2018,BEL,math_score,no,mean_se,6.13868481846181
2018,BEL,math_score,yes,mean,524.384838909358
2018,BEL,math_score,yes,mean_se,5.49984043647292
2018,BEL,reading_score,no,mean,475.201764230181
2018,BEL,reading_score,no,mean_se,2.89024251935912
2018,BEL,reading_score,yes,mean,510.693190542268
2018,BEL,reading_score,yes,mean_se,2.44547817724227
2018,BGR,math_score,no,mean,420.749730434369
2018,BGR,math_score,no,mean_se,14.6090672247564
2018,BGR,math_score,yes,mean,452.859473613522
2018,BGR,math_score,yes,mean_se,13.3951962687813
2018,BGR,reading_score,no,mean,401.995047076981
2018,BGR,reading_score,no,mean_se,4.02158320537952
2018,BGR,reading_score,yes,mean,438.580810075031
2018,BGR,reading_score,yes,mean_se,3.96817163999715
2018,CZE,math_score,no,mean,487.379354787828
2018,CZE,math_score,no,mean_se,6.32020190890458
2018,CZE,math_score,yes,mean,518.256518196712
2018,CZE,math_score,yes,mean_se,5.82841834508527
2018,CZE,reading_score,no,mean,477.474268600507
2018,CZE,reading_score,no,mean_se,2.84924305004847
2018,CZE,reading_score,yes,mean,510.208785920689
2018,CZE,reading_score,yes,mean_se,2.82925756131089
2018,DEU,math_score,no,mean,493.271567786462
2018,DEU,math_score,no,mean_se,9.30347752877239
2018,DEU,math_score,yes,mean,511.014853054111
2018,DEU,math_score,yes,mean_se,8.7665607399601
2018,DEU,reading_score,no,mean,488.448241111543
2018,DEU,reading_score,no,mean_se,3.42124003614312
2018,DEU,reading_score,yes,mean,513.188816276833
2018,DEU,reading_score,yes,mean_se,3.57931608770297
2018,DNK,math_score,no,mean,489.686107784848
2018,DNK,math_score,no,mean_se,5.44673629731029
2018,DNK,math_score,yes,mean,517.274437969624
2018,DNK,math_score,yes,mean_se,3.26319639186098
2018,DNK,reading_score,no,mean,478.012171980098
2018,DNK,reading_score,no,mean_se,3.06626794005596
2018,DNK,reading_score,yes,mean,510.596339872464
2018,DNK,reading_score,yes,mean_se,1.89506283218871
2018,ESP,math_score,no,mean,460.968807048806
2018,ESP,math_score,no,mean_se,2.96055276960296
2018,ESP,math_score,yes,mean,495.055871997472
2018,ESP,math_score,yes,mean_se,1.54049221887174
2018,ESP,reading_score,no,mean,455.093378959316
2018,ESP,reading_score,no,mean_se,1.93569251473118
2018,ESP,reading_score,yes,mean,490.553050340915
2018,ESP,reading_score,yes,mean_se,1.5875033368188
2018,EST,math_score,no,mean,513.878767137719
2018,EST,math_score,no,mean_se,6.31410114277794
2018,EST,math_score,yes,mean,530.555150704315
2018,EST,math_score,yes,mean_se,3.05062903674102
2018,EST,reading_score,no,mean,516.004901840822
2018,EST,reading_score,no,mean_se,2.81622757559351
2018,EST,reading_score,yes,mean,529.062764608195
2018,EST,reading_score,yes,mean_se,2.03651429182374
2018,FIN,math_score,no,mean,483.992181203959
2018,FIN,math_score,no,mean_se,4.30529928416386
2018,FIN,math_score,yes,mean,517.409094779616
2018,FIN,math_score,yes,mean_se,3.19289533627481
2018,FIN,reading_score,no,mean,493.367633717957
2018,FIN,reading_score,no,mean_se,2.78882440298727
2018,FIN,reading_score,yes,mean,533.489663121866
2018,FIN,reading_score,yes,mean_se,2.32228837711842
2018,FRA,math_score,no,mean,482.890523307707
2018,FRA,math_score,no,mean_se,4.76996882408282
2018,FRA,math_score,yes,mean,518.507359498406
2018,FRA,math_score,yes,mean_se,10.8123899184827
2018,FRA,reading_score,no,mean,480.224490825954
2018,FRA,reading_score,no,mean_se,2.43384343733796
2018,FRA,reading_score,yes,mean,516.697736360085
2018,FRA,reading_score,yes,mean_se,3.53882800183825
2018,GBR,math_score,no,mean,487.353176400321
2018,GBR,math_score,no,mean_se,8.26133605138673
2018,GBR,math_score,yes,mean,512.548991762814
2018,GBR,math_score,yes,mean_se,7.14674911147837
2018,GBR,reading_score,no,mean,488.492634478766
2018,GBR,reading_score,no,mean_se,3.01949197984999
2018,GBR,reading_score,yes,mean,519.162295693993
2018,GBR,reading_score,yes,mean_se,2.83707506550791
2018,GRC,math_score,no,mean,430.110306168657
2018,GRC,math_score,no,mean_se,15.9045460971234
2018,GRC,math_score,yes,mean,464.173771158277
2018,GRC,math_score,yes,mean_se,7.25025025096927
2018,GRC,reading_score,no,mean,432.991614378139
2018,GRC,reading_score,no,mean_se,4.28863383063644
2018,GRC,reading_score,yes,mean,470.816839772845
2018,GRC,reading_score,yes,mean_se,3.48297254424597
2018,HRV,math_score,no,mean,451.087714262878
2018,HRV,math_score,no,mean_se,8.02699637180878
2018,HRV,math_score,yes,mean,474.865058210791
2018,HRV,math_score,yes,mean_se,5.28845928812294
2018,HRV,reading_score,no,mean,464.659509560831
2018,HRV,reading_score,no,mean_se,3.20366858606481
2018,HRV,reading_score,yes,mean,491.1622812109
2018,HRV,reading_score,yes,mean_se,2.55328606590876
2018,HUN,math_score,no,mean,466.419841162013
2018,HUN,math_score,no,mean_se,9.54816830234789
2018,HUN,math_score,yes,mean,497.582757038197
2018,HUN,math_score,yes,mean_se,6.66748816679321
2018,HUN,reading_score,no,mean,457.846285985975
2018,HUN,reading_score,no,mean_se,3.26033769361533
2018,HUN,reading_score,yes,mean,494.436476233592
2018,HUN,reading_score,yes,mean_se,2.67493908388398
2018,IRL,math_score,no,mean,484.771612190966
2018,IRL,math_score,no,mean_se,7.82866667703787
2018,IRL,math_score,yes,mean,509.790021557092
2018,IRL,math_score,yes,mean_se,4.18231380532471
2018,IRL,reading_score,no,mean,497.358345363466
2018,IRL,reading_score,no,mean_se,3.01076920122938
2018,IRL,reading_score,yes,mean,529.889597867454
2018,IRL,reading_score,yes,mean_se,2.24428000632163
2018,ITA,math_score,no,mean,465.527157160613
2018,ITA,math_score,no,mean_se,9.78846198745861
2018,ITA,math_score,yes,mean,495.830310910879
2018,ITA,math_score,yes,mean_se,8.67984261852864
2018,ITA,reading_score,no,mean,453.696152495988
2018,ITA,reading_score,no,mean_se,3.45695052200163
2018,ITA,reading_score,yes,mean,486.378087694071
2018,ITA,reading_score,yes,mean_se,2.60301640085231
2018,LTU,math_score,no,mean,456.518505502682
2018,LTU,math_score,no,mean_se,8.06871739289195
2018,LTU,math_score,yes,mean,491.702256452454
2018,LTU,math_score,yes,mean_se,1.60220337597514
2018,LTU,reading_score,no,mean,448.332188804465
2018,LTU,reading_score,no,mean_se,2.93081823245154
2018,LTU,reading_score,yes,mean,488.432612721819
2018,LTU,reading_score,yes,mean_se,1.48958010856152
2018,LUX,math_score,no,mean,454.716569592689
2018,LUX,math_score,no,mean_se,5.84285265606207
2018,LUX,math_score,yes,mean,493.875361645177
2018,LUX,math_score,yes,mean_se,1.40279027337931
2018,LUX,reading_score,no,mean,438.914550557934
2018,LUX,reading_score,no,mean_se,2.95529637745328
2018,LUX,reading_score,yes,mean,481.298245793964
2018,LUX,reading_score,yes,mean_se,1.55464469083059
2018,LVA,math_score,no,mean,494.16356979114
2018,LVA,math_score,no,mean_se,4.60774242485413
2018,LVA,math_score,yes,mean,499.147498481296
2018,LVA,math_score,yes,mean_se,3.09171311088769
2018,LVA,reading_score,no,mean,473.576822530821
2018,LVA,reading_score,no,mean_se,2.33970523344784
2018,LVA,reading_score,yes,mean,483.76419282591
2018,LVA,reading_score,yes,mean_se,2.06261566057768
2018,MLT,math_score,no,mean,450.940268579849
2018,MLT,math_score,no,mean_se,10.5378392978619
2018,MLT,math_score,yes,mean,482.393341490733
2018,MLT,math_score,yes,mean_se,3.18538138891418
2018,MLT,reading_score,no,mean,429.44806606392
2018,MLT,reading_score,no,mean_se,3.43012396511152
2018,MLT,reading_score,yes,mean,460.12329437701
2018,MLT,reading_score,yes,mean_se,2.0611393688367
2018,NLD,math_score,no,mean,507.100349792821
2018,NLD,math_score,no,mean_se,14.0722754073976
2018,NLD,math_score,yes,mean,529.862388359525
2018,NLD,math_score,yes,mean_se,5.39126810707326
2018,NLD,reading_score,no,mean,470.774924824068
2018,NLD,reading_score,no,mean_se,4.37702615605599
2018,NLD,reading_score,yes,mean,496.282237777126
2018,NLD,reading_score,yes,mean_se,2.56751559140842
2018,POL,math_score,no,mean,506.832628095577
2018,POL,math_score,no,mean_se,7.33188166871249
2018,POL,math_score,yes,mean,524.730634238215
2018,POL,math_score,yes,mean_se,8.42975802544402
2018,POL,reading_score,no,mean,502.928647710134
2018,POL,reading_score,no,mean_se,2.92661159664808
2018,POL,reading_score,yes,mean,521.004944185677
2018,POL,reading_score,yes,mean_se,3.2622426873627
2018,PRT,math_score,no,mean,473.982091925307
2018,PRT,math_score,no,mean_se,15.8845521788437
2018,PRT,math_score,yes,mean,501.154797568712
2018,PRT,math_score,yes,mean_se,6.4010405308026
2018,PRT,reading_score,no,mean,474.27345171523
2018,PRT,reading_score,no,mean_se,3.69132079001125
2018,PRT,reading_score,yes,mean,500.812462733357
2018,PRT,reading_score,yes,mean_se,2.75499582285803
2018,ROU,math_score,no,mean,416.812303806541
2018,ROU,math_score,no,mean_se,19.9645884069411
2018,ROU,math_score,yes,mean,451.191234067009
2018,ROU,math_score,yes,mean_se,23.8925003300589
2018,ROU,reading_score,no,mean,411.729392932371
2018,ROU,reading_score,no,mean_se,5.32708521388745
2018,ROU,reading_score,yes,mean,448.223249582255
2018,ROU,reading_score,yes,mean_se,5.04321858434519
2018,SVK,math_score,no,mean,465.941371771074
2018,SVK,math_score,no,mean_se,14.6773623001516
2018,SVK,math_score,yes,mean,501.971926778406
2018,SVK,math_score,yes,mean_se,4.67589414939083
2018,SVK,reading_score,no,mean,436.869659986636
2018,SVK,reading_score,no,mean_se,3.23874720812365
2018,SVK,reading_score,yes,mean,474.077483729565
2018,SVK,reading_score,yes,mean_se,2.32442830918233
2018,SVN,math_score,no,mean,493.726229820922
2018,SVN,math_score,no,mean_se,8.39110023693225
2018,SVN,math_score,yes,mean,516.315591768225
2018,SVN,math_score,yes,mean_se,2.11021659804036
2018,SVN,reading_score,no,mean,475.269185218372
2018,SVN,reading_score,no,mean_se,2.8705798250508
2018,SVN,reading_score,yes,mean,504.583414338497
2018,SVN,reading_score,yes,mean_se,1.43328160590042
2018,SWE,math_score,no,mean,473.561982894524
2018,SWE,math_score,no,mean_se,10.0795336311366
2018,SWE,math_score,yes,mean,514.561687762849
2018,SWE,math_score,yes,mean_se,5.63321765621045
2018,SWE,reading_score,no,mean,476.075345278751
2018,SWE,reading_score,no,mean_se,4.15260185870547
2018,SWE,reading_score,yes,mean,520.623782533566
2018,SWE,reading_score,yes,mean_se,3.04764302121908
2018,EU28,math_score,no,mean,479.684851384809
2018,EU28,math_score,no,mean_se,0.697272494345442
2018,EU28,math_score,yes,mean,506.273868660733
2018,EU28,math_score,yes,mean_se,0.91377526190092
2018,EU28,reading_score,no,mean,474.078845649618
2018,EU28,reading_score,no,mean_se,0.929892863078632
2018,EU28,reading_score,yes,mean,503.221861928986
2018,EU28,reading_score,yes,mean_se,1.02210737571874
2022,AUT,math_score,no,mean,463.612447252716
2022,AUT,math_score,no,mean_se,12.6217831129942
2022,AUT,math_score,yes,mean,498.693079314459
2022,AUT,math_score,yes,mean_se,4.61476334891505
2022,AUT,reading_score,no,mean,451.575933348916
2022,AUT,reading_score,no,mean_se,4.20485817653319
2022,AUT,reading_score,yes,mean,493.617187006865
2022,AUT,reading_score,yes,mean_se,2.50721457197702
2022,BEL,math_score,no,mean,462.103907504485
2022,BEL,math_score,no,mean_se,7.24674753015552
2022,BEL,math_score,yes,mean,505.215259767984
2022,BEL,math_score,yes,mean_se,5.44779358816771
2022,BEL,reading_score,no,mean,450.247536120215
2022,BEL,reading_score,no,mean_se,3.00931220300466
2022,BEL,reading_score,yes,mean,496.218982589782
2022,BEL,reading_score,yes,mean_se,2.70668922278895
2022,BGR,math_score,no,mean,395.029505707152
2022,BGR,math_score,no,mean_se,12.2186320083964
2022,BGR,math_score,yes,mean,434.833394491705
2022,BGR,math_score,yes,mean_se,13.7687883632939
2022,BGR,reading_score,no,mean,375.780722596009
2022,BGR,reading_score,no,mean_se,4.31457439951099
2022,BGR,reading_score,yes,mean,426.81389538448
2022,BGR,reading_score,yes,mean_se,3.70901914606801
2022,CZE,math_score,no,mean,463.310054463563
2022,CZE,math_score,no,mean_se,9.66874713726559
2022,CZE,math_score,yes,mean,496.552665369114
2022,CZE,math_score,yes,mean_se,3.86798165503678
2022,CZE,reading_score,no,mean,463.180310052474
2022,CZE,reading_score,no,mean_se,3.29308046793327
2022,CZE,reading_score,yes,mean,499.083076625053
2022,CZE,reading_score,yes,mean_se,2.4088053866624
2022,DEU,math_score,no,mean,459.979124336543
2022,DEU,math_score,no,mean_se,13.2721896909963
2022,DEU,math_score,yes,mean,489.562216532173
2022,DEU,math_score,yes,mean_se,10.3064273826335
2022,DEU,reading_score,no,mean,461.834542932314
2022,DEU,reading_score,no,mean_se,4.63322730791195
2022,DEU,reading_score,yes,mean,496.342951286509
2022,DEU,reading_score,yes,mean_se,3.7923309859186
2022,DNK,math_score,no,mean,453.744543495163
2022,DNK,math_score,no,mean_se,16.6957400977107
2022,DNK,math_score,yes,mean,495.851134951183
2022,DNK,math_score,yes,mean_se,3.88035092697663
2022,DNK,reading_score,no,mean,446.729797591624
2022,DNK,reading_score,no,mean_se,4.93450274984814
2022,DNK,reading_score,yes,mean,495.472107150558
2022,DNK,reading_score,yes,mean_se,2.68894273685587
2022,ESP,math_score,no,mean,452.093752994676
2022,ESP,math_score,no,mean_se,4.285594556056
2022,ESP,math_score,yes,mean,482.707081196604
2022,ESP,math_score,yes,mean_se,2.1576002913193
2022,ESP,reading_score,no,mean,449.261851232431
2022,ESP,reading_score,no,mean_se,2.57322516419412
2022,ESP,reading_score,yes,mean,486.365051232727
2022,ESP,reading_score,yes,mean_se,1.57620724864207
2022,EST,math_score,no,mean,489.220869260737
2022,EST,math_score,no,mean_se,9.64232395554543
2022,EST,math_score,yes,mean,515.929455617405
2022,EST,math_score,yes,mean_se,3.7470259013031
2022,EST,reading_score,no,mean,487.224778789982
2022,EST,reading_score,no,mean_se,4.18845694273196
2022,EST,reading_score,yes,mean,518.284582122888
2022,EST,reading_score,yes,mean_se,2.38889810936692
2022,FIN,math_score,no,mean,458.500831598995
2022,FIN,math_score,no,mean_se,7.88439973067368
2022,FIN,math_score,yes,mean,490.147679502031
2022,FIN,math_score,yes,mean_se,3.47236333534051
2022,FIN,reading_score,no,mean,459.367935157284
2022,FIN,reading_score,no,mean_se,3.72192141250037
2022,FIN,reading_score,yes,mean,498.072027593476
2022,FIN,reading_score,yes,mean_se,2.26380557857465
2022,FRA,math_score,no,mean,451.386454531365
2022,FRA,math_score,no,mean_se,7.40032972157552
2022,FRA,math_score,yes,mean,491.521899095468
2022,FRA,math_score,yes,mean_se,6.39934544606695
2022,FRA,reading_score,no,mean,447.123731515368
2022,FRA,reading_score,no,mean_se,3.41575444814801
2022,FRA,reading_score,yes,mean,496.366231953653
2022,FRA,reading_score,yes,mean_se,3.13388043077109
2022,GBR,math_score,no,mean,473.392792205879
2022,GBR,math_score,no,mean_se,10.8182120535482
2022,GBR,math_score,yes,mean,501.26982793701
2022,GBR,math_score,yes,mean_se,6.77388948584049
2022,GBR,reading_score,no,mean,477.210809211157
2022,GBR,reading_score,no,mean_se,3.47673083524433
2022,GBR,reading_score,yes,mean,507.123885008557
2022,GBR,reading_score,yes,mean_se,3.0015062689764
2022,GRC,math_score,no,mean,406.881439052456
2022,GRC,math_score,no,mean_se,8.28533828975534
2022,GRC,math_score,yes,mean,442.301792557682
2022,GRC,math_score,yes,mean_se,4.21946126874369
2022,GRC,reading_score,no,mean,410.724159401444
2022,GRC,reading_score,no,mean_se,3.73454367532808
2022,GRC,reading_score,yes,mean,451.893983702176
2022,GRC,reading_score,yes,mean_se,2.58178116128862
2022,HRV,math_score,no,mean,431.193921005996
2022,HRV,math_score,no,mean_se,9.65844974301291
2022,HRV,math_score,yes,mean,471.710612791206
2022,HRV,math_score,yes,mean_se,6.29014779940454
2022,HRV,reading_score,no,mean,441.199339781346
2022,HRV,reading_score,no,mean_se,3.38651781587414
2022,HRV,reading_score,yes,mean,485.501037718636
2022,HRV,reading_score,yes,mean_se,2.6218951498706
2022,HUN,math_score,no,mean,442.935723875277
2022,HUN,math_score,no,mean_se,10.884550733343
2022,HUN,math_score,yes,mean,487.391115816235
2022,HUN,math_score,yes,mean_se,7.22018868536181
2022,HUN,reading_score,no,mean,438.939476042719
2022,HUN,reading_score,no,mean_se,3.65776255998368
2022,HUN,reading_score,yes,mean,488.251362196177
2022,HUN,reading_score,yes,mean_se,2.94853958060472
2022,IRL,math_score,no,mean,466.389874650327
2022,IRL,math_score,no,mean_se,14.1209536728779
2022,IRL,math_score,yes,mean,499.394160384476
2022,IRL,math_score,yes,mean_se,3.32958647570735
2022,IRL,reading_score,no,mean,484.93931589279
2022,IRL,reading_score,no,mean_se,4.30227633403818
2022,IRL,reading_score,yes,mean,524.333510680336
2022,IRL,reading_score,yes,mean_se,2.11972610562532
2022,ITA,math_score,no,mean,457.033792322788
2022,ITA,math_score,no,mean_se,9.29787270803368
2022,ITA,math_score,yes,mean,476.638251863203
2022,ITA,math_score,yes,mean_se,10.9520800850375
2022,ITA,reading_score,no,mean,465.637594557144
2022,ITA,reading_score,no,mean_se,3.21613441021904
2022,ITA,reading_score,yes,mean,488.663244181332
2022,ITA,reading_score,yes,mean_se,2.9082216345207
2022,LTU,math_score,no,mean,452.472212362543
2022,LTU,math_score,no,mean_se,9.13328939427512
2022,LTU,math_score,yes,mean,482.204935148697
2022,LTU,math_score,yes,mean_se,3.21692895772961
2022,LTU,reading_score,no,mean,446.37758777006
2022,LTU,reading_score,no,mean_se,3.72606276614221
2022,LTU,reading_score,yes,mean,480.249530972419
2022,LTU,reading_score,yes,mean_se,2.16072565216547
2022,LVA,math_score,no,mean,469.945442610396
2022,LVA,math_score,no,mean_se,7.51072387717416
2022,LVA,math_score,yes,mean,487.007431983879
2022,LVA,math_score,yes,mean_se,3.6994996337223
2022,LVA,reading_score,no,mean,457.43126773563
2022,LVA,reading_score,no,mean_se,3.44055704101977
2022,LVA,reading_score,yes,mean,481.610456938622
2022,LVA,reading_score,yes,mean_se,2.58497390402895
2022,MLT,math_score,no,mean,424.422786100295
2022,MLT,math_score,no,mean_se,14.3337625080745
2022,MLT,math_score,yes,mean,478.927768516384
2022,MLT,math_score,yes,mean_se,3.38172208836396
2022,MLT,reading_score,no,mean,396.158815187869
2022,MLT,reading_score,no,mean_se,4.52782570886822
2022,MLT,reading_score,yes,mean,462.908753154311
2022,MLT,reading_score,yes,mean_se,2.32904661726097
2022,NLD,math_score,no,mean,457.759483605666
2022,NLD,math_score,no,mean_se,25.575155435703
2022,NLD,math_score,yes,mean,505.945279650872
2022,NLD,math_score,yes,mean_se,11.2613893711951
2022,NLD,reading_score,no,mean,419.911681841336
2022,NLD,reading_score,no,mean_se,5.49304566315222
2022,NLD,reading_score,yes,mean,474.642285954477
2022,NLD,reading_score,yes,mean_se,3.79386920837637
2022,POL,math_score,no,mean,477.421857426843
2022,POL,math_score,no,mean_se,9.49490800782687
2022,POL,math_score,yes,mean,496.357063522756
2022,POL,math_score,yes,mean_se,6.04613962212922
2022,POL,reading_score,no,mean,475.588217134477
2022,POL,reading_score,no,mean_se,3.7421401750442
2022,POL,reading_score,yes,mean,497.130213528481
2022,POL,reading_score,yes,mean_se,2.96041054588013
2022,PRT,math_score,no,mean,444.340051235061
2022,PRT,math_score,no,mean_se,8.85074133097974
2022,PRT,math_score,yes,mean,483.126416946014
2022,PRT,math_score,yes,mean_se,4.34831478021932
2022,PRT,reading_score,no,mean,447.786136969272
2022,PRT,reading_score,no,mean_se,3.59213510489356
2022,PRT,reading_score,yes,mean,489.033681264667
2022,PRT,reading_score,yes,mean_se,2.39500766586649
2022,ROU,math_score,no,mean,404.320669634659
2022,ROU,math_score,no,mean_se,13.6316267725754
2022,ROU,math_score,yes,mean,452.619920597092
2022,ROU,math_score,yes,mean_se,18.1788118332949
2022,ROU,reading_score,no,mean,405.362028985159
2022,ROU,reading_score,no,mean_se,3.80471593354345
2022,ROU,reading_score,yes,mean,453.659557477012
2022,ROU,reading_score,yes,mean_se,4.26088077036938
2022,SVK,math_score,no,mean,434.26382410718
2022,SVK,math_score,no,mean_se,17.8812826353527
2022,SVK,math_score,yes,mean,479.543550351629
2022,SVK,math_score,yes,mean_se,7.94608475229719
2022,SVK,reading_score,no,mean,417.427640086334
2022,SVK,reading_score,no,mean_se,4.60890856824398
2022,SVK,reading_score,yes,mean,462.836925938127
2022,SVK,reading_score,yes,mean_se,2.97631212465322
2022,SVN,math_score,no,mean,454.977225660013
2022,SVN,math_score,no,mean_se,11.235751486407
2022,SVN,math_score,yes,mean,492.324731090152
2022,SVN,math_score,yes,mean_se,1.89655734227626
2022,SVN,reading_score,no,mean,436.258230222164
2022,SVN,reading_score,no,mean_se,3.91302245110858
2022,SVN,reading_score,yes,mean,477.283283506621
2022,SVN,reading_score,yes,mean_se,1.69990215926448
2022,SWE,math_score,no,mean,439.133821794286
2022,SWE,math_score,no,mean_se,10.0582236895687
2022,SWE,math_score,yes,mean,493.658194922733
2022,SWE,math_score,yes,mean_se,3.59893258067308
2022,SWE,reading_score,no,mean,436.898275032773
2022,SWE,reading_score,no,mean_se,4.53848340573741
2022,SWE,reading_score,yes,mean,501.702057774889
2022,SWE,reading_score,yes,mean_se,2.32583941691705
2022,EU28,math_score,no,mean,454.568597522842
2022,EU28,math_score,no,mean_se,1.07866822017272
2022,EU28,math_score,yes,mean,488.366325840366
2022,EU28,math_score,yes,mean_se,0.640542908010075
2022,EU28,reading_score,no,mean,453.050639667989
2022,EU28,reading_score,no,mean_se,1.21389517037261
2022,EU28,reading_score,yes,mean,491.933270898676
2022,EU28,reading_score,yes,mean_se,0.898341437730774
