year,area,concept,classics,metric,value
2000,AUT,math_score,no,mean,492.090650774385
2000,AUT,math_score,no,mean_se,10.2555488385927
2000,AUT,math_score,yes,mean,543.114295342134
2000,AUT,math_score,yes,mean_se,8.36427808264077
2000,AUT,reading_score,no,mean,481.48320547577
2000,AUT,reading_score,no,mean_se,2.80439019461011
2000,AUT,reading_score,yes,mean,541.225207436723
2000,AUT,reading_score,yes,mean_se,2.97936880145923
2000,BEL,math_score,no,mean,499.817818966054
2000,BEL,math_score,no,mean_se,34.8496586718311
2000,BEL,math_score,yes,mean,550.594701803884
2000,BEL,math_score,yes,mean_se,16.2900149285613
2000,BEL,reading_score,no,mean,491.057331218119
2000,BEL,reading_score,no,mean_se,3.91604100628342
2000,BEL,reading_score,yes,mean,543.18151664761
2000,BEL,reading_score,yes,mean_se,3.09548869350003
2000,BGR,math_score,no,mean,352.450543949132
2000,BGR,math_score,no,mean_se,96.3557386538869
2000,BGR,math_score,yes,mean,447.812660504564
2000,BGR,math_score,yes,mean_se,32.1264200542153
2000,BGR,reading_score,no,mean,343.476044029617
2000,BGR,reading_score,no,mean_se,6.5623632019398
2000,BGR,reading_score,yes,mean,448.867410570075
2000,BGR,reading_score,yes,mean_se,4.80802122304261
2000,CZE,math_score,no,mean,445.518857153255
2000,CZE,math_score,no,mean_se,27.9721834682068
2000,CZE,math_score,yes,mean,511.159658475317
2000,CZE,math_score,yes,mean_se,10.5750115168084
2000,CZE,reading_score,no,mean,442.951464740784
2000,CZE,reading_score,no,mean_se,4.83140424043668
2000,CZE,reading_score,yes,mean,508.48723322514
2000,CZE,reading_score,yes,mean_se,2.39435643656882
2000,DEU,math_score,no,mean,456.579359041127
2000,DEU,math_score,no,mean_se,11.545224788091
2000,DEU,math_score,yes,mean,526.64504735917
2000,DEU,math_score,yes,mean_se,11.6885162716124
2000,DEU,reading_score,no,mean,452.321954004951
2000,DEU,reading_score,no,mean_se,2.86525991261662
2000,DEU,reading_score,yes,mean,528.679476583835
2000,DEU,reading_score,yes,mean_se,3.14667042458156
2000,DNK,math_score,no,mean,499.368542693949
2000,DNK,math_score,no,mean_se,6.93187356850603
2000,DNK,math_score,yes,mean,537.658994860743
2000,DNK,math_score,yes,mean_se,9.47180663267837
2000,DNK,reading_score,no,mean,477.975997852443
2000,DNK,reading_score,no,mean_se,2.57921760773467
2000,DNK,reading_score,yes,mean,524.285754013777
2000,DNK,reading_score,yes,mean_se,3.05618689951487
2000,ESP,math_score,no,mean,441.401155099516
2000,ESP,math_score,no,mean_se,18.8954375646719
2000,ESP,math_score,yes,mean,490.586086135643
2000,ESP,math_score,yes,mean_se,10.1051723188348
2000,ESP,reading_score,no,mean,454.184008571663
2000,ESP,reading_score,no,mean_se,3.73317563753234
2000,ESP,reading_score,yes,mean,507.766517537452
2000,ESP,reading_score,yes,mean_se,2.39370677100605
2000,FIN,math_score,no,mean,520.367166266712
2000,FIN,math_score,no,mean_se,9.81657279105755
2000,FIN,math_score,yes,mean,548.986942092497
2000,FIN,math_score,yes,mean_se,6.07408901253237
2000,FIN,reading_score,no,mean,525.408568716881
2000,FIN,reading_score,no,mean_se,2.92624420436689
2000,FIN,reading_score,yes,mean,565.015375860322
2000,FIN,reading_score,yes,mean_se,2.83745667732396
2000,FRA,math_score,no,mean,479.216004510433
2000,FRA,math_score,no,mean_se,15.9761028514703
2000,FRA,math_score,yes,mean,539.669967221761
2000,FRA,math_score,yes,mean_se,6.59288708202027
2000,FRA,reading_score,no,mean,455.747311645468
2000,FRA,reading_score,no,mean_se,3.73472877629957
2000,FRA,reading_score,yes,mean,532.883954277413
2000,FRA,reading_score,yes,mean_se,2.23287806831867
2000,GBR,math_score,no,mean,502.822055486232
2000,GBR,math_score,no,mean_se,6.59893215517862
2000,GBR,math_score,yes,mean,553.782571340453
2000,GBR,math_score,yes,mean_se,10.8011442686142
2000,GBR,reading_score,no,mean,491.363532005478
2000,GBR,reading_score,no,mean_se,2.3205212597151
2000,GBR,reading_score,yes,mean,551.820103039565
2000,GBR,reading_score,yes,mean_se,3.29851809411289
2000,GRC,math_score,no,mean,372.766076668671
2000,GRC,math_score,no,mean_se,53.5132720435999
2000,GRC,math_score,yes,mean,463.869002438568
2000,GRC,math_score,yes,mean_se,27.6628322610602
2000,GRC,reading_score,no,mean,406.259770442214
2000,GRC,reading_score,no,mean_se,7.37509740543026
2000,GRC,reading_score,yes,mean,490.2511738866
2000,GRC,reading_score,yes,mean_se,4.2348316718588
2000,HUN,math_score,no,mean,427.666754566235
2000,HUN,math_score,no,mean_se,24.9342962506757
2000,HUN,math_score,yes,mean,503.727284918437
2000,HUN,math_score,yes,mean_se,14.2715040309973
2000,HUN,reading_score,no,mean,408.586177363408
2000,HUN,reading_score,no,mean_se,4.65169845299731
2000,HUN,reading_score,yes,mean,501.075069596978
2000,HUN,reading_score,yes,mean_se,3.44682168004858
2000,IRL,math_score,no,mean,485.630097820073
2000,IRL,math_score,no,mean_se,11.2318823517867
2000,IRL,math_score,yes,mean,523.639137186396
2000,IRL,math_score,yes,mean_se,7.39226953276029
2000,IRL,reading_score,no,mean,501.243840519107
2000,IRL,reading_score,no,mean_se,3.85627330536515
2000,IRL,reading_score,yes,mean,551.831543675801
2000,IRL,reading_score,yes,mean_se,2.95889817564449
2000,ITA,math_score,no,mean,425.209562339077
2000,ITA,math_score,no,mean_se,21.2534116383884
2000,ITA,math_score,yes,mean,469.827768462362
2000,ITA,math_score,yes,mean_se,7.28335917422225
2000,ITA,reading_score,no,mean,451.048621250695
2000,ITA,reading_score,no,mean_se,4.75113151243882
2000,ITA,reading_score,yes,mean,501.220321339059
2000,ITA,reading_score,yes,mean_se,2.7659803274825
2000,LUX,math_score,no,mean,425.013213713949
2000,LUX,math_score,no,mean_se,6.91748066806478
2000,LUX,math_score,yes,mean,487.02366677014
2000,LUX,math_score,yes,mean_se,9.23786607358655
2000,LUX,reading_score,no,mean,415.789923206416
2000,LUX,reading_score,no,mean_se,2.42005854241712
2000,LUX,reading_score,yes,mean,486.763865515187
2000,LUX,reading_score,yes,mean_se,2.33063553681009
2000,LVA,math_score,no,mean,406.320707733813
2000,LVA,math_score,no,mean_se,91.6473772063154
2000,LVA,math_score,yes,mean,473.145088594921
2000,LVA,math_score,yes,mean_se,19.6730446783579
2000,LVA,reading_score,no,mean,398.65873420627
2000,LVA,reading_score,no,mean_se,7.04522564045786
2000,LVA,reading_score,yes,mean,470.830179653939
2000,LVA,reading_score,yes,mean_se,5.29105940278216
2000,NLD,math_score,no,mean,555.85105395662
2000,NLD,math_score,no,mean_se,17.2719401675246
2000,NLD,math_score,yes,mean,591.284725330362
2000,NLD,math_score,yes,mean_se,18.804558504562
2000,NLD,reading_score,no,mean,523.858713554795
2000,NLD,reading_score,no,mean_se,3.32155055771698
2000,NLD,reading_score,yes,mean,559.657086964962
2000,NLD,reading_score,yes,mean_se,4.65940817719291
2000,POL,math_score,no,mean,411.616531176016
2000,POL,math_score,no,mean_se,64.964601778679
2000,POL,math_score,yes,mean,486.064925203462
2000,POL,math_score,yes,mean_se,28.6277727630275
2000,POL,reading_score,no,mean,411.617526537994
2000,POL,reading_score,no,mean_se,5.33226230521565
2000,POL,reading_score,yes,mean,497.139187836931
2000,POL,reading_score,yes,mean_se,4.52104706653275
2000,PRT,math_score,no,mean,408.348487177198
2000,PRT,math_score,no,mean_se,22.9665465391874
2000,PRT,math_score,yes,mean,478.774491430514
2000,PRT,math_score,yes,mean_se,12.061798903528
2000,PRT,reading_score,no,mean,418.550908384466
2000,PRT,reading_score,no,mean_se,5.08602471134321
2000,PRT,reading_score,yes,mean,498.069298135957
2000,PRT,reading_score,yes,mean_se,3.76729689950498
2000,SWE,math_score,no,mean,483.224665789125
2000,SWE,math_score,no,mean_se,8.59161732979295
2000,SWE,math_score,yes,mean,530.340678073247
2000,SWE,math_score,yes,mean_se,7.21668946723696
2000,SWE,reading_score,no,mean,490.746528773572
2000,SWE,reading_score,no,mean_se,2.52630521506645
2000,SWE,reading_score,yes,mean,537.055309057662
2000,SWE,reading_score,yes,mean_se,2.29517351448288
2000,EU28,math_score,no,mean,469.341905456906
2000,EU28,math_score,no,mean_se,1.93845481454157
2000,EU28,math_score,yes,mean,510.089844784206
2000,EU28,math_score,yes,mean_se,1.51719247610825
2000,EU28,reading_score,no,mean,463.762870390179
2000,EU28,reading_score,no,mean_se,1.28667795539551
2000,EU28,reading_score,yes,mean,517.462930272049
2000,EU28,reading_score,yes,mean_se,1.03605034681606
2003,AUT,math_score,no,mean,483.617129375665
2003,AUT,math_score,no,mean_se,8.548715817922
2003,AUT,math_score,yes,mean,553.648111674387
2003,AUT,math_score,yes,mean_se,13.1001063663729
2003,AUT,reading_score,no,mean,465.22597264971
2003,AUT,reading_score,no,mean_se,3.14610889145607
2003,AUT,reading_score,yes,mean,547.924479242518
2003,AUT,reading_score,yes,mean_se,3.80714316890622
2003,BEL,math_score,no,mean,512.599491502938
2003,BEL,math_score,no,mean_se,7.77327765737872
2003,BEL,math_score,yes,mean,569.727449864563
2003,BEL,math_score,yes,mean_se,7.32190443674561
2003,BEL,reading_score,no,mean,488.861413122456
2003,BEL,reading_score,no,mean_se,3.31713382327911
2003,BEL,reading_score,yes,mean,550.010697494243
2003,BEL,reading_score,yes,mean_se,2.63103477797257
2003,CZE,math_score,no,mean,485.010367723362
2003,CZE,math_score,no,mean_se,18.1004971636217
2003,CZE,math_score,yes,mean,535.816806194799
2003,CZE,math_score,yes,mean_se,8.83823886055049
2003,CZE,reading_score,no,mean,458.113069242275
2003,CZE,reading_score,no,mean_se,3.97681020493967
2003,CZE,reading_score,yes,mean,509.145734451873
2003,CZE,reading_score,yes,mean_se,2.67094378832992
2003,DEU,math_score,no,mean,485.751101389157
2003,DEU,math_score,no,mean_se,12.9885454029747
2003,DEU,math_score,yes,mean,551.732100350788
2003,DEU,math_score,yes,mean_se,9.5851725907125
2003,DEU,reading_score,no,mean,474.575089278062
2003,DEU,reading_score,no,mean_se,3.67935186772211
2003,DEU,reading_score,yes,mean,543.611947358291
2003,DEU,reading_score,yes,mean_se,3.23951825509092
2003,DNK,math_score,no,mean,474.757775207119
2003,DNK,math_score,no,mean_se,7.440959751937
2003,DNK,math_score,yes,mean,538.523191793395
2003,DNK,math_score,yes,mean_se,5.7582325223546
2003,DNK,reading_score,no,mean,451.572194590534
2003,DNK,reading_score,no,mean_se,3.21179821163975
2003,DNK,reading_score,yes,mean,518.237381801501
2003,DNK,reading_score,yes,mean_se,2.68792459935938
2003,ESP,math_score,no,mean,457.363815949399
2003,ESP,math_score,no,mean_se,7.96032781661616
2003,ESP,math_score,yes,mean,500.310104865535
2003,ESP,math_score,yes,mean_se,6.74151678005636
2003,ESP,reading_score,no,mean,449.821516815742
2003,ESP,reading_score,no,mean_se,3.17862193940634
2003,ESP,reading_score,yes,mean,498.269539458874
2003,ESP,reading_score,yes,mean_se,2.77958328831495
2003,FIN,math_score,no,mean,528.614544924464
2003,FIN,math_score,no,mean_se,3.51876995210643
2003,FIN,math_score,yes,mean,563.64285009047
2003,FIN,math_score,yes,mean_se,5.86825613366189
2003,FIN,reading_score,no,mean,527.334926239672
2003,FIN,reading_score,no,mean_se,1.90127761374994
2003,FIN,reading_score,yes,mean,561.650574477608
2003,FIN,reading_score,yes,mean_se,2.20262878030289
2003,FRA,math_score,no,mean,468.955469788415
2003,FRA,math_score,no,mean_se,12.6326084988897
2003,FRA,math_score,yes,mean,534.532740756655
2003,FRA,math_score,yes,mean_se,6.97983955477045
2003,FRA,reading_score,no,mean,446.513244866424
2003,FRA,reading_score,no,mean_se,4.41662899838541
2003,FRA,reading_score,yes,mean,524.333137415305
2003,FRA,reading_score,yes,mean_se,2.64490635648697
2003,GBR,math_score,no,mean,482.949250301002
2003,GBR,math_score,no,mean_se,5.65716566198035
2003,GBR,math_score,yes,mean,536.412636270195
2003,GBR,math_score,yes,mean_se,10.9335168334388
2003,GBR,reading_score,no,mean,479.051298398696
2003,GBR,reading_score,no,mean_se,2.51123792273005
2003,GBR,reading_score,yes,mean,539.345054249583
2003,GBR,reading_score,yes,mean_se,3.4109402341485
2003,GRC,math_score,no,mean,394.390110177013
2003,GRC,math_score,no,mean_se,15.8656465683568
2003,GRC,math_score,yes,mean,462.002255996442
2003,GRC,math_score,yes,mean_se,13.3904277416639
2003,GRC,reading_score,no,mean,421.97712455449
2003,GRC,reading_score,no,mean_se,4.8575310389808
2003,GRC,reading_score,yes,mean,489.816199169911
2003,GRC,reading_score,yes,mean_se,4.03569810120904
2003,HUN,math_score,no,mean,435.489875825868
2003,HUN,math_score,no,mean_se,12.303380464216
2003,HUN,math_score,yes,mean,516.716361582766
2003,HUN,math_score,yes,mean_se,9.07822925787966
2003,HUN,reading_score,no,mean,425.700528420275
2003,HUN,reading_score,no,mean_se,3.33288510069392
2003,HUN,reading_score,yes,mean,508.34553147153
2003,HUN,reading_score,yes,mean_se,2.80562839561396
2003,IRL,math_score,no,mean,487.654478230933
2003,IRL,math_score,no,mean_se,6.63882760920124
2003,IRL,math_score,yes,mean,536.9893346916
2003,IRL,math_score,yes,mean_se,7.50040644294904
2003,IRL,reading_score,no,mean,498.933858806481
2003,IRL,reading_score,no,mean_se,2.79310530022745
2003,IRL,reading_score,yes,mean,552.861618647092
2003,IRL,reading_score,yes,mean_se,2.98067999546977
2003,ITA,math_score,no,mean,439.078924846719
2003,ITA,math_score,no,mean_se,14.8444024279323
2003,ITA,math_score,yes,mean,482.790227164893
2003,ITA,math_score,yes,mean_se,7.80470094839868
2003,ITA,reading_score,no,mean,441.358171834132
2003,ITA,reading_score,no,mean_se,4.54516301189912
2003,ITA,reading_score,yes,mean,495.530147920653
2003,ITA,reading_score,yes,mean_se,2.71536585458455
2003,LUX,math_score,no,mean,472.47927417651
2003,LUX,math_score,no,mean_se,1.82917809697173
2003,LUX,math_score,yes,mean,531.324448675613
2003,LUX,math_score,yes,mean_se,4.38546186322514
2003,LUX,reading_score,no,mean,459.288292675948
2003,LUX,reading_score,no,mean_se,1.96343096052655
2003,LUX,reading_score,yes,mean,517.104400525486
2003,LUX,reading_score,yes,mean_se,2.57392355807672
2003,LVA,math_score,no,mean,445.109253146223
2003,LVA,math_score,no,mean_se,16.2897469758283
2003,LVA,math_score,yes,mean,496.939456437717
2003,LVA,math_score,yes,mean_se,12.0686403729405
2003,LVA,reading_score,no,mean,453.171593533365
2003,LVA,reading_score,no,mean_se,4.8216293103295
2003,LVA,reading_score,yes,mean,503.811751495544
2003,LVA,reading_score,yes,mean_se,3.58657017195225
2003,NLD,math_score,no,mean,530.422679280486
2003,NLD,math_score,no,mean_se,9.62259534410747
2003,NLD,math_score,yes,mean,579.714058999596
2003,NLD,math_score,yes,mean_se,18.0465059836954
2003,NLD,reading_score,no,mean,506.201023300461
2003,NLD,reading_score,no,mean_se,3.0060105719991
2003,NLD,reading_score,yes,mean,549.731688632803
2003,NLD,reading_score,yes,mean_se,3.78493413292595
2003,POL,math_score,no,mean,442.054257652889
2003,POL,math_score,no,mean_se,17.8396736266626
2003,POL,math_score,yes,mean,500.668836737578
2003,POL,math_score,yes,mean_se,5.66733615333952
2003,POL,reading_score,no,mean,437.080819407112
2003,POL,reading_score,no,mean_se,5.17498744478107
2003,POL,reading_score,yes,mean,509.415795269909
2003,POL,reading_score,yes,mean_se,2.63324957756847
2003,PRT,math_score,no,mean,432.324098884572
2003,PRT,math_score,no,mean_se,15.1215921738971
2003,PRT,math_score,yes,mean,491.651185038102
2003,PRT,math_score,yes,mean_se,11.7351848776462
2003,PRT,reading_score,no,mean,441.819713669238
2003,PRT,reading_score,no,mean_se,4.38190827694629
2003,PRT,reading_score,yes,mean,505.299129989008
2003,PRT,reading_score,yes,mean_se,3.45266347556994
2003,SVK,math_score,no,mean,463.315737044286
2003,SVK,math_score,no,mean_se,37.1617233962035
2003,SVK,math_score,yes,mean,512.930291216971
2003,SVK,math_score,yes,mean_se,7.50078233476274
2003,SVK,reading_score,no,mean,429.019823438862
2003,SVK,reading_score,no,mean_se,5.39803252760641
2003,SVK,reading_score,yes,mean,486.145139017962
2003,SVK,reading_score,yes,mean_se,2.56033216353903
2003,SWE,math_score,no,mean,479.057949792694
2003,SWE,math_score,no,mean_se,8.30239536494827
2003,SWE,math_score,yes,mean,536.954850632199
2003,SWE,math_score,yes,mean_se,7.64661120610875
2003,SWE,reading_score,no,mean,483.635891869435
2003,SWE,reading_score,no,mean_se,2.99467315663374
2003,SWE,reading_score,yes,mean,543.435701847058
2003,SWE,reading_score,yes,mean_se,2.50314483185107
2003,EU28,math_score,no,mean,476.282269663098
2003,EU28,math_score,no,mean_se,1.58685193343687
2003,EU28,math_score,yes,mean,520.243785273404
2003,EU28,math_score,yes,mean_se,0.941054449987288
2003,EU28,reading_score,no,mean,466.528118637322
2003,EU28,reading_score,no,mean_se,1.3900151601794
2003,EU28,reading_score,yes,mean,519.160322007317
2003,EU28,reading_score,yes,mean_se,0.915117572641902
2006,AUT,math_score,no,mean,480.094525097165
2006,AUT,math_score,no,mean_se,16.5416519281736
2006,AUT,math_score,yes,mean,543.631369348829
2006,AUT,math_score,yes,mean_se,12.4516838975979
2006,AUT,reading_score,no,mean,462.445192421499
2006,AUT,reading_score,no,mean_se,4.47810532591049
2006,AUT,reading_score,yes,mean,534.070018935528
2006,AUT,reading_score,yes,mean_se,3.9033513537055
2006,BEL,math_score,no,mean,501.60350726741
2006,BEL,math_score,no,mean_se,11.2700202827653
2006,BEL,math_score,yes,mean,552.431564629996
2006,BEL,math_score,yes,mean_se,7.73905930409358
2006,BEL,reading_score,no,mean,479.886461262777
2006,BEL,reading_score,no,mean_se,4.0285440579904
2006,BEL,reading_score,yes,mean,537.213778853011
2006,BEL,reading_score,yes,mean_se,2.66411412295327
2006,BGR,math_score,no,mean,358.834837659378
2006,BGR,math_score,no,mean_se,45.3368595309765
2006,BGR,math_score,yes,mean,434.33900365293
2006,BGR,math_score,yes,mean_se,32.1507228239645
2006,BGR,reading_score,no,mean,330.603086944954
2006,BGR,reading_score,no,mean_se,7.55179247019072
2006,BGR,reading_score,yes,mean,429.336814644032
2006,BGR,reading_score,yes,mean_se,6.01260583574729
2006,CZE,math_score,no,mean,475.019710190985
2006,CZE,math_score,no,mean_se,22.8433359821569
2006,CZE,math_score,yes,mean,524.960456759399
2006,CZE,math_score,yes,mean_se,11.8147217225414
2006,CZE,reading_score,no,mean,440.003554695697
2006,CZE,reading_score,no,mean_se,5.60155229041687
2006,CZE,reading_score,yes,mean,501.315699622234
2006,CZE,reading_score,yes,mean_se,3.7893552613802
2006,DEU,math_score,no,mean,480.402746746953
2006,DEU,math_score,no,mean_se,16.5899950596202
2006,DEU,math_score,yes,mean,545.003828299781
2006,DEU,math_score,yes,mean_se,10.2891418103287
2006,DEU,reading_score,no,mean,470.596889273597
2006,DEU,reading_score,no,mean_se,5.13612984592889
2006,DEU,reading_score,yes,mean,538.608564273287
2006,DEU,reading_score,yes,mean_se,3.10543028706765
2006,DNK,math_score,no,mean,490.519443690114
2006,DNK,math_score,no,mean_se,6.7461262844004
2006,DNK,math_score,yes,mean,540.318028654918
2006,DNK,math_score,yes,mean_se,6.09776992401538
2006,DNK,reading_score,no,mean,470.119186474754
2006,DNK,reading_score,no,mean_se,3.15348143867645
2006,DNK,reading_score,yes,mean,522.203302251851
2006,DNK,reading_score,yes,mean_se,3.15921581806319
2006,ESP,math_score,no,mean,453.061221560818
2006,ESP,math_score,no,mean_se,6.55572731866218
2006,ESP,math_score,yes,mean,494.141385276844
2006,ESP,math_score,yes,mean_se,6.02728402542759
2006,ESP,reading_score,no,mean,432.596236388953
2006,ESP,reading_score,no,mean_se,2.59570850826964
2006,ESP,reading_score,yes,mean,474.99484080587
2006,ESP,reading_score,yes,mean_se,2.35101495953834
2006,EST,math_score,no,mean,481.252399825358
2006,EST,math_score,no,mean_se,12.5955769026765
2006,EST,math_score,yes,mean,526.135250725266
2006,EST,math_score,yes,mean_se,6.65194737997294
2006,EST,reading_score,no,mean,468.051835563552
2006,EST,reading_score,no,mean_se,4.50436164579762
2006,EST,reading_score,yes,mean,512.90006397378
2006,EST,reading_score,yes,mean_se,2.61036025368248
2006,FIN,math_score,no,mean,524.956863811254
2006,FIN,math_score,no,mean_se,5.22285021917388
2006,FIN,math_score,yes,mean,566.629229328379
2006,FIN,math_score,yes,mean_se,5.48724206004347
2006,FIN,reading_score,no,mean,522.874608408121
2006,FIN,reading_score,no,mean_se,2.33199768128863
2006,FIN,reading_score,yes,mean,567.951096904253
2006,FIN,reading_score,yes,mean_se,2.4974240407666
2006,FRA,math_score,no,mean,449.547602663642
2006,FRA,math_score,no,mean_se,11.7388204470288
2006,FRA,math_score,yes,mean,523.156487588407
2006,FRA,math_score,yes,mean_se,9.18867763454019
2006,FRA,reading_score,no,mean,433.046114983416
2006,FRA,reading_score,no,mean_se,4.97484231985001
2006,FRA,reading_score,yes,mean,519.546262477577
2006,FRA,reading_score,yes,mean_se,3.6655063380337
2006,GBR,math_score,no,mean,477.326937100302
2006,GBR,math_score,no,mean_se,5.74842480723247
2006,GBR,math_score,yes,mean,522.208812930327
2006,GBR,math_score,yes,mean_se,5.67606234286465
2006,GBR,reading_score,no,mean,474.111439312508
2006,GBR,reading_score,no,mean_se,2.48893226125346
2006,GBR,reading_score,yes,mean,527.875318052437
2006,GBR,reading_score,yes,mean_se,2.95092014836139
2006,GRC,math_score,no,mean,428.055831077658
2006,GRC,math_score,no,mean_se,21.4518367164049
2006,GRC,math_score,yes,mean,470.430780084784
2006,GRC,math_score,yes,mean_se,7.36773825312731
2006,GRC,reading_score,no,mean,414.745036647894
2006,GRC,reading_score,no,mean_se,5.56132299860279
2006,GRC,reading_score,yes,mean,475.992286318369
2006,GRC,reading_score,yes,mean_se,3.63258831582647
2006,HRV,math_score,no,mean,447.325165853524
2006,HRV,math_score,no,mean_se,7.22429517709514
2006,HRV,math_score,yes,mean,490.342705189197
2006,HRV,math_score,yes,mean_se,6.77001294995342
2006,HRV,reading_score,no,mean,449.775587669752
2006,HRV,reading_score,no,mean_se,3.44114412540559
2006,HRV,reading_score,yes,mean,506.132834032602
2006,HRV,reading_score,yes,mean_se,2.48608418371293
2006,HUN,math_score,no,mean,444.024033742675
2006,HUN,math_score,no,mean_se,13.5127261841002
2006,HUN,math_score,yes,mean,507.201070683676
2006,HUN,math_score,yes,mean_se,7.91895757886372
2006,HUN,reading_score,no,mean,425.512790688958
2006,HUN,reading_score,no,mean_se,4.38239357484383
2006,HUN,reading_score,yes,mean,503.693441387373
2006,HUN,reading_score,yes,mean_se,3.17471626364853
2006,IRL,math_score,no,mean,488.119146015732
2006,IRL,math_score,no,mean_se,7.42499746947139
2006,IRL,math_score,yes,mean,533.930452021513
2006,IRL,math_score,yes,mean_se,8.46393059476179
2006,IRL,reading_score,no,mean,501.040937946225
2006,IRL,reading_score,no,mean_se,3.43626844872601
2006,IRL,reading_score,yes,mean,553.957973098959
2006,IRL,reading_score,yes,mean_se,3.60697330739144
2006,ITA,math_score,no,mean,431.452475774437
2006,ITA,math_score,no,mean_se,5.8656000314621
2006,ITA,math_score,yes,mean,474.953340136773
2006,ITA,math_score,yes,mean_se,6.47470424449792
2006,ITA,reading_score,no,mean,430.360247542695
2006,ITA,reading_score,no,mean_se,3.80873167086499
2006,ITA,reading_score,yes,mean,486.057355369516
2006,ITA,reading_score,yes,mean_se,2.55975427253556
2006,LTU,math_score,no,mean,458.407046712117
2006,LTU,math_score,no,mean_se,10.8387807538335
2006,LTU,math_score,yes,mean,506.805354231963
2006,LTU,math_score,yes,mean_se,9.75727540347436
2006,LTU,reading_score,no,mean,434.073582686875
2006,LTU,reading_score,no,mean_se,3.47793042597922
2006,LTU,reading_score,yes,mean,496.818842820746
2006,LTU,reading_score,yes,mean_se,3.32592854313391
2006,LUX,math_score,no,mean,466.481679520858
2006,LUX,math_score,no,mean_se,2.66056878424701
2006,LUX,math_score,yes,mean,524.191597470298
2006,LUX,math_score,yes,mean_se,3.58428035011758
2006,LUX,reading_score,no,mean,452.806691491871
2006,LUX,reading_score,no,mean_se,1.91997948034299
2006,LUX,reading_score,yes,mean,520.273124265355
2006,LUX,reading_score,yes,mean_se,2.15876999373223
2006,LVA,math_score,no,mean,459.140377843112
2006,LVA,math_score,no,mean_se,13.1231576059369
2006,LVA,math_score,yes,mean,496.301719334473
2006,LVA,math_score,yes,mean_se,11.6361687217811
2006,LVA,reading_score,no,mean,440.073579692457
2006,LVA,reading_score,no,mean_se,4.39607123870305
2006,LVA,reading_score,yes,mean,494.112657659781
2006,LVA,reading_score,yes,mean_se,4.00213334813297
2006,NLD,math_score,no,mean,518.805585978109
2006,NLD,math_score,no,mean_se,7.91960479759387
2006,NLD,math_score,yes,mean,564.224547145105
2006,NLD,math_score,yes,mean_se,10.866760578388
2006,NLD,reading_score,no,mean,496.488344525663
2006,NLD,reading_score,no,mean_se,2.9724989836645
2006,NLD,reading_score,yes,mean,537.437672630834
2006,NLD,reading_score,yes,mean_se,3.89927572450382
2006,POL,math_score,no,mean,447.254762042297
2006,POL,math_score,no,mean_se,10.0740882482518
2006,POL,math_score,yes,mean,507.810564383055
2006,POL,math_score,yes,mean_se,5.9925364135558
2006,POL,reading_score,no,mean,443.581974539316
2006,POL,reading_score,no,mean_se,4.28786059954476
2006,POL,reading_score,yes,mean,524.486830141984
2006,POL,reading_score,yes,mean_se,2.74086404085924
2006,PRT,math_score,no,mean,432.713702283518
2006,PRT,math_score,no,mean_se,15.9236822973462
2006,PRT,math_score,yes,mean,490.477497897068
2006,PRT,math_score,yes,mean_se,5.59017133506459
2006,PRT,reading_score,no,mean,429.939482534599
2006,PRT,reading_score,no,mean_se,4.77186053853574
2006,PRT,reading_score,yes,mean,501.737266084553
2006,PRT,reading_score,yes,mean_se,2.98582243222894
2006,ROU,math_score,no,mean,365.866345573138
2006,ROU,math_score,no,mean_se,16.1699387610642
2006,ROU,math_score,yes,mean,432.217688625105
2006,ROU,math_score,yes,mean_se,18.1240799445726
2006,ROU,reading_score,no,mean,340.06696033115
2006,ROU,reading_score,no,mean_se,5.62396706560687
2006,ROU,reading_score,yes,mean,415.179493978126
2006,ROU,reading_score,yes,mean_se,4.32817962084436
2006,SVK,math_score,no,mean,465.355842861348
2006,SVK,math_score,no,mean_se,22.4376488864662
2006,SVK,math_score,yes,mean,502.885490812594
2006,SVK,math_score,yes,mean_se,7.81901616221548
2006,SVK,reading_score,no,mean,435.47267107597
2006,SVK,reading_score,no,mean_se,4.78474497217358
2006,SVK,reading_score,yes,mean,479.479075768699
2006,SVK,reading_score,yes,mean_se,3.27570950724481
2006,SVN,math_score,no,mean,470.223574163177
2006,SVN,math_score,no,mean_se,3.25940925990407
2006,SVN,math_score,yes,mean,521.062160301371
2006,SVN,math_score,yes,mean_se,1.50697194053752
2006,SVN,reading_score,no,mean,453.976517452033
2006,SVN,reading_score,no,mean_se,2.4234378215884
2006,SVN,reading_score,yes,mean,514.000244641015
2006,SVN,reading_score,yes,mean_se,1.13186576259691
2006,SWE,math_score,no,mean,476.811160489229
2006,SWE,math_score,no,mean_se,6.78386641442639
2006,SWE,math_score,yes,mean,525.796576593101
2006,SWE,math_score,yes,mean_se,7.00373308490256
2006,SWE,reading_score,no,mean,480.431194200951
2006,SWE,reading_score,no,mean_se,3.87623187688494
2006,SWE,reading_score,yes,mean,533.93426446167
2006,SWE,reading_score,yes,mean_se,3.97984635474013
2006,EU28,math_score,no,mean,466.851075746963
2006,EU28,math_score,no,mean_se,1.35056235220011
2006,EU28,math_score,yes,mean,508.658745232549
2006,EU28,math_score,yes,mean_se,0.61538290458902
2006,EU28,reading_score,no,mean,455.845335398663
2006,EU28,reading_score,no,mean_se,1.3764957888764
2006,EU28,reading_score,yes,mean,507.159927946639
2006,EU28,reading_score,yes,mean_se,0.965360113665632
2009,AUT,math_score,no,mean,471.219405588267
2009,AUT,math_score,no,mean_se,9.01513713106805
2009,AUT,math_score,yes,mean,540.402483207091
2009,AUT,math_score,yes,mean_se,9.97732049364576
2009,AUT,reading_score,no,mean,442.54543774604
2009,AUT,reading_score,no,mean_se,3.16264550646747
2009,AUT,reading_score,yes,mean,520.867692475428
2009,AUT,reading_score,yes,mean_se,3.23292155501598
2009,BEL,math_score,no,mean,493.668090620647
2009,BEL,math_score,no,mean_se,4.82232756046036
2009,BEL,math_score,yes,mean,558.87381268662
2009,BEL,math_score,yes,mean_se,5.79130902714715
2009,BEL,reading_score,no,mean,482.560340572302
2009,BEL,reading_score,no,mean_se,2.28524368270846
2009,BEL,reading_score,yes,mean,553.597418809561
2009,BEL,reading_score,yes,mean_se,2.26262941605054
2009,BGR,math_score,no,mean,380.308343265278
2009,BGR,math_score,no,mean_se,22.159370214439
2009,BGR,math_score,yes,mean,455.548168493355
2009,BGR,math_score,yes,mean_se,32.683309810983
2009,BGR,reading_score,no,mean,367.940515014925
2009,BGR,reading_score,no,mean_se,5.30360709904179
2009,BGR,reading_score,yes,mean,463.865809819003
2009,BGR,reading_score,yes,mean_se,5.98812351606922
2009,CZE,math_score,no,mean,460.931634151355
2009,CZE,math_score,no,mean_se,9.80519312102272
2009,CZE,math_score,yes,mean,512.524386268652
2009,CZE,math_score,yes,mean_se,8.47629972799125
2009,CZE,reading_score,no,mean,442.897188623428
2009,CZE,reading_score,no,mean_se,3.40416994908943
2009,CZE,reading_score,yes,mean,499.935043568692
2009,CZE,reading_score,yes,mean_se,2.72169996102829
2009,DEU,math_score,no,mean,490.317644964649
2009,DEU,math_score,no,mean_se,11.1716267918786
2009,DEU,math_score,yes,mean,557.301405396872
2009,DEU,math_score,yes,mean_se,10.6793329814852
2009,DEU,reading_score,no,mean,476.693766439409
2009,DEU,reading_score,no,mean_se,2.99133909091702
2009,DEU,reading_score,yes,mean,539.294678632321
2009,DEU,reading_score,yes,mean_se,2.9350537661169
2009,DNK,math_score,no,mean,480.636896398743
2009,DNK,math_score,no,mean_se,7.06711809110918
2009,DNK,math_score,yes,mean,531.517449109852
2009,DNK,math_score,yes,mean_se,8.05710859031612
2009,DNK,reading_score,no,mean,471.066095319064
2009,DNK,reading_score,no,mean_se,2.23474993861813
2009,DNK,reading_score,yes,mean,524.966308712695
2009,DNK,reading_score,yes,mean_se,1.93444819690141
2009,ESP,math_score,no,mean,451.711171182787
2009,ESP,math_score,no,mean_se,5.25674263613493
2009,ESP,math_score,yes,mean,498.90615676027
2009,ESP,math_score,yes,mean_se,4.44148669430149
2009,ESP,reading_score,no,mean,446.406315408824
2009,ESP,reading_score,no,mean_se,2.5441332474498
2009,ESP,reading_score,yes,mean,497.855358635011
2009,ESP,reading_score,yes,mean_se,2.04653153312697
2009,EST,math_score,no,mean,484.596692668801
2009,EST,math_score,no,mean_se,11.4338203794243
2009,EST,math_score,yes,mean,524.19743558961
2009,EST,math_score,yes,mean_se,6.66466118596146
2009,EST,reading_score,no,mean,465.320522632159
2009,EST,reading_score,no,mean_se,3.7003206678151
2009,EST,reading_score,yes,mean,516.134363637691
2009,EST,reading_score,yes,mean_se,2.63122672240337
2009,FIN,math_score,no,mean,521.031756437492
2009,FIN,math_score,no,mean_se,5.09060844370133
2009,FIN,math_score,yes,mean,559.771836437028
2009,FIN,math_score,yes,mean_se,5.05120153654253
2009,FIN,reading_score,no,mean,511.256326119145
2009,FIN,reading_score,no,mean_se,2.29279093622809
2009,FIN,reading_score,yes,mean,560.287998865622
2009,FIN,reading_score,yes,mean_se,2.33234995704768
2009,FRA,math_score,no,mean,448.705665487611
2009,FRA,math_score,no,mean_se,14.2885387018414
2009,FRA,math_score,yes,mean,530.350923319565
2009,FRA,math_score,yes,mean_se,9.8938821003176
2009,FRA,reading_score,no,mean,439.179012311783
2009,FRA,reading_score,no,mean_se,4.72623556859489
2009,FRA,reading_score,yes,mean,533.624668349487
2009,FRA,reading_score,yes,mean_se,3.29040313433425
2009,GBR,math_score,no,mean,476.770452178512
2009,GBR,math_score,no,mean_se,4.74861194140282
2009,GBR,math_score,yes,mean,522.713245458786
2009,GBR,math_score,yes,mean_se,10.235254044531
2009,GBR,reading_score,no,mean,475.759841937333
2009,GBR,reading_score,no,mean_se,2.06838385337668
2009,GBR,reading_score,yes,mean,530.070450246636
2009,GBR,reading_score,yes,mean_se,2.9288324348652
2009,GRC,math_score,no,mean,434.693140644477
2009,GRC,math_score,no,mean_se,29.2592859155015
2009,GRC,math_score,yes,mean,480.133934162056
2009,GRC,math_score,yes,mean_se,11.0810230849288
2009,GRC,reading_score,no,mean,437.621082992684
2009,GRC,reading_score,no,mean_se,6.18079149669226
2009,GRC,reading_score,yes,mean,501.85390754989
2009,GRC,reading_score,yes,mean_se,3.38580943280497
2009,HRV,math_score,no,mean,438.263197251147
2009,HRV,math_score,no,mean_se,9.09418630856564
2009,HRV,math_score,yes,mean,488.357951528452
2009,HRV,math_score,yes,mean_se,12.5883880718512
2009,HRV,reading_score,no,mean,450.785136384614
2009,HRV,reading_score,no,mean_se,2.91999812758948
2009,HRV,reading_score,yes,mean,508.971179605209
2009,HRV,reading_score,yes,mean_se,3.02320954233928
2009,HUN,math_score,no,mean,427.988212525341
2009,HUN,math_score,no,mean_se,26.9486521441877
2009,HUN,math_score,yes,mean,514.079300525318
2009,HUN,math_score,yes,mean_se,10.7402235148808
2009,HUN,reading_score,no,mean,427.267147427573
2009,HUN,reading_score,no,mean_se,4.97453335026511
2009,HUN,reading_score,yes,mean,519.180294286923
2009,HUN,reading_score,yes,mean_se,2.5187526034227
2009,IRL,math_score,no,mean,476.264411095799
2009,IRL,math_score,no,mean_se,8.45860436269581
2009,IRL,math_score,yes,mean,521.790712388911
2009,IRL,math_score,yes,mean_se,9.35030774041261
2009,IRL,reading_score,no,mean,482.833930481851
2009,IRL,reading_score,no,mean_se,3.22161123374868
2009,IRL,reading_score,yes,mean,538.96490552846
2009,IRL,reading_score,yes,mean_se,3.86503550275604
2009,ITA,math_score,no,mean,453.720016072766
2009,ITA,math_score,no,mean_se,3.94541102365948
2009,ITA,math_score,yes,mean,500.571366253188
2009,ITA,math_score,yes,mean_se,3.84664758532381
2009,ITA,reading_score,no,mean,447.889815168234
2009,ITA,reading_score,no,mean_se,2.04075540304558
2009,ITA,reading_score,yes,mean,508.595385335639
2009,ITA,reading_score,yes,mean_se,1.60753059480741
2009,LTU,math_score,no,mean,454.129595315717
2009,LTU,math_score,no,mean_se,8.46593279703911
2009,LTU,math_score,yes,mean,498.455481045284
2009,LTU,math_score,yes,mean_se,9.05538453280711
2009,LTU,reading_score,no,mean,443.784228799442
2009,LTU,reading_score,no,mean_se,2.75736422717279
2009,LTU,reading_score,yes,mean,492.321967925104
2009,LTU,reading_score,yes,mean_se,2.70053798591583
2009,LUX,math_score,no,mean,463.431916700327
2009,LUX,math_score,no,mean_se,2.39913632442581
2009,LUX,math_score,yes,mean,527.741803827371
2009,LUX,math_score,yes,mean_se,3.90762648408705
2009,LUX,reading_score,no,mean,445.27592967778
2009,LUX,reading_score,no,mean_se,1.95983696797964
2009,LUX,reading_score,yes,mean,513.541891725923
2009,LUX,reading_score,yes,mean_se,2.10572635527876
2009,LVA,math_score,no,mean,453.079329015972
2009,LVA,math_score,no,mean_se,14.4704998492601
2009,LVA,math_score,yes,mean,496.381520169308
2009,LVA,math_score,yes,mean_se,10.5625416893134
2009,LVA,reading_score,no,mean,447.047537204083
2009,LVA,reading_score,no,mean_se,4.06721150357864
2009,LVA,reading_score,yes,mean,501.713839506538
2009,LVA,reading_score,yes,mean_se,3.00650014852967
2009,MLT,math_score,no,mean,435.499206611434
2009,MLT,math_score,no,mean_se,4.5906291984542
2009,MLT,math_score,yes,mean,499.452042029114
2009,MLT,math_score,yes,mean_se,4.1760602713588
2009,MLT,reading_score,no,mean,407.621815763977
2009,MLT,reading_score,no,mean_se,2.54907477364431
2009,MLT,reading_score,yes,mean,488.332991475156
2009,MLT,reading_score,yes,mean_se,2.53994434448516
2009,NLD,math_score,no,mean,518.004929161689
2009,NLD,math_score,no,mean_se,22.3114132683505
2009,NLD,math_score,yes,mean,560.590988192841
2009,NLD,math_score,yes,mean_se,20.9476631519755
2009,NLD,reading_score,no,mean,498.197689392896
2009,NLD,reading_score,no,mean_se,5.22040451492108
2009,NLD,reading_score,yes,mean,547.588804600643
2009,NLD,reading_score,yes,mean_se,4.72313124627778
2009,POL,math_score,no,mean,448.673770697423
2009,POL,math_score,no,mean_se,10.6717673756195
2009,POL,math_score,yes,mean,509.267040945188
2009,POL,math_score,yes,mean_se,8.06074078365614
2009,POL,reading_score,no,mean,446.168515618319
2009,POL,reading_score,no,mean_se,3.49744561514188
2009,POL,reading_score,yes,mean,516.459898268988
2009,POL,reading_score,yes,mean_se,2.58643752848858
2009,PRT,math_score,no,mean,454.100822537473
2009,PRT,math_score,no,mean_se,7.11993539831859
2009,PRT,math_score,yes,mean,509.65243378072
2009,PRT,math_score,yes,mean_se,10.1894383584913
2009,PRT,reading_score,no,mean,456.038314501491
2009,PRT,reading_score,no,mean_se,3.40749559977981
2009,PRT,reading_score,yes,mean,513.533517296777
2009,PRT,reading_score,yes,mean_se,2.81336498671592
2009,ROU,math_score,no,mean,386.406593645487
2009,ROU,math_score,no,mean_se,17.07426079324
2009,ROU,math_score,yes,mean,444.621510670603
2009,ROU,math_score,yes,mean_se,11.2597309774418
2009,ROU,reading_score,no,mean,369.137144137834
2009,ROU,reading_score,no,mean_se,4.60099937843298
2009,ROU,reading_score,yes,mean,447.791643274978
2009,ROU,reading_score,yes,mean_se,3.81468785921664
2009,SVK,math_score,no,mean,469.581780325835
2009,SVK,math_score,no,mean_se,13.5666518940197
2009,SVK,math_score,yes,mean,515.444271704276
2009,SVK,math_score,yes,mean_se,10.3001090092733
2009,SVK,reading_score,no,mean,449.115875941229
2009,SVK,reading_score,no,mean_se,3.59013446054357
2009,SVK,reading_score,yes,mean,497.418133613626
2009,SVK,reading_score,yes,mean_se,2.55493854706638
2009,SVN,math_score,no,mean,465.073062585287
2009,SVN,math_score,no,mean_se,4.9105378619376
2009,SVN,math_score,yes,mean,525.266776294618
2009,SVN,math_score,yes,mean_se,2.78489620793575
2009,SVN,reading_score,no,mean,446.740956519207
2009,SVN,reading_score,no,mean_se,2.06626607499103
2009,SVN,reading_score,yes,mean,507.216612528554
2009,SVN,reading_score,yes,mean_se,1.4402514527083
2009,SWE,math_score,no,mean,461.946330772147
2009,SWE,math_score,no,mean_se,8.25594778337118
2009,SWE,math_score,yes,mean,522.703074286368
2009,SWE,math_score,yes,mean_se,8.28062936340481
2009,SWE,reading_score,no,mean,464.548237585737
2009,SWE,reading_score,no,mean_se,3.15445456907377
2009,SWE,reading_score,yes,mean,527.288461962251
2009,SWE,reading_score,yes,mean_se,3.1354615568942
2009,EU28,math_score,no,mean,469.543471366661
2009,EU28,math_score,no,mean_se,0.793034123485287
2009,EU28,math_score,yes,mean,516.133264476041
2009,EU28,math_score,yes,mean_se,0.672405892700784
2009,EU28,reading_score,no,mean,461.238958836041
2009,EU28,reading_score,no,mean_se,0.964013372269788
2009,EU28,reading_score,yes,mean,517.224429061246
2009,EU28,reading_score,yes,mean_se,0.782254760902634
2012,AUT,math_score,no,mean,485.228485344249
2012,AUT,math_score,no,mean_se,8.19310062413939
2012,AUT,math_score,yes,mean,545.311348018141
2012,AUT,math_score,yes,mean_se,9.92390828250841
2012,AUT,reading_score,no,mean,468.610435479005
2012,AUT,reading_score,no,mean_se,3.03654923303465
2012,AUT,reading_score,yes,mean,530.944212440727
2012,AUT,reading_score,yes,mean_se,3.32277391227207
2012,BEL,math_score,no,mean,497.087986030887
2012,BEL,math_score,no,mean_se,5.42619714472933
2012,BEL,math_score,yes,mean,554.045868859155
2012,BEL,math_score,yes,mean_se,6.87004099423704
2012,BEL,reading_score,no,mean,491.204486598218
2012,BEL,reading_score,no,mean_se,2.67240164157723
2012,BEL,reading_score,yes,mean,551.682027451805
2012,BEL,reading_score,yes,mean_se,2.60294342598332
2012,BGR,math_score,no,mean,392.594403389337
2012,BGR,math_score,no,mean_se,14.4650237676919
2012,BGR,math_score,yes,mean,467.226174737134
2012,BGR,math_score,yes,mean_se,16.0149834774538
2012,BGR,reading_score,no,mean,370.535505905975
2012,BGR,reading_score,no,mean_se,5.92121232274714
2012,BGR,reading_score,yes,mean,475.790943831869
2012,BGR,reading_score,yes,mean_se,5.32777255265107
2012,CZE,math_score,no,mean,462.347218532618
2012,CZE,math_score,no,mean_se,11.6251764737763
2012,CZE,math_score,yes,mean,517.612473205745
2012,CZE,math_score,yes,mean_se,8.14167198845504
2012,CZE,reading_score,no,mean,456.830543249465
2012,CZE,reading_score,no,mean_se,3.76180051629948
2012,CZE,reading_score,yes,mean,512.644588183178
2012,CZE,reading_score,yes,mean_se,2.81782282324853
2012,DEU,math_score,no,mean,494.605637481515
2012,DEU,math_score,no,mean_se,11.9697046092733
2012,DEU,math_score,yes,mean,556.064078197123
2012,DEU,math_score,yes,mean_se,10.683967545072
2012,DEU,reading_score,no,mean,492.424625312021
2012,DEU,reading_score,no,mean_se,2.95011057381441
2012,DEU,reading_score,yes,mean,549.643326038219
2012,DEU,reading_score,yes,mean_se,3.24666860887181
2012,DNK,math_score,no,mean,479.302197767463
2012,DNK,math_score,no,mean_se,5.72428460956303
2012,DNK,math_score,yes,mean,526.667224752566
2012,DNK,math_score,yes,mean_se,6.59987610409834
2012,DNK,reading_score,no,mean,474.733025631607
2012,DNK,reading_score,no,mean_se,2.73317594351032
2012,DNK,reading_score,yes,mean,523.964936577637
2012,DNK,reading_score,yes,mean_se,2.75810415407033
2012,ESP,math_score,no,mean,453.63569685266
2012,ESP,math_score,no,mean_se,5.68594323571281
2012,ESP,math_score,yes,mean,502.48296940661
2012,ESP,math_score,yes,mean_se,3.48938840741908
2012,ESP,reading_score,no,mean,457.026508745823
2012,ESP,reading_score,no,mean_se,2.36512972682438
2012,ESP,reading_score,yes,mean,508.182204871715
2012,ESP,reading_score,yes,mean_se,1.99297787890303
2012,EST,math_score,no,mean,494.649991299749
2012,EST,math_score,no,mean_se,6.37257908138364
2012,EST,math_score,yes,mean,533.1947982636
2012,EST,math_score,yes,mean_se,4.49132667873423
2012,EST,reading_score,no,mean,486.917334143618
2012,EST,reading_score,no,mean_se,3.16224495176396
2012,EST,reading_score,yes,mean,529.420356715617
2012,EST,reading_score,yes,mean_se,2.16971531045579
2012,FIN,math_score,no,mean,499.269775597757
2012,FIN,math_score,no,mean_se,6.43756760316718
2012,FIN,math_score,yes,mean,542.133919123685
2012,FIN,math_score,yes,mean_se,3.18843483104667
2012,FIN,reading_score,no,mean,500.793028283381
2012,FIN,reading_score,no,mean_se,3.3478931884157
2012,FIN,reading_score,yes,mean,552.344775386466
2012,FIN,reading_score,yes,mean_se,2.02417901005672
2012,FRA,math_score,no,mean,449.630636357872
2012,FRA,math_score,no,mean_se,9.48793330307418
2012,FRA,math_score,yes,mean,524.136937259968
2012,FRA,math_score,yes,mean_se,7.65006718199472
2012,FRA,reading_score,no,mean,453.843204614107
2012,FRA,reading_score,no,mean_se,3.64398167062557
2012,FRA,reading_score,yes,mean,538.875653281055
2012,FRA,reading_score,yes,mean_se,3.0967893991244
2012,GBR,math_score,no,mean,479.814165701572
2012,GBR,math_score,no,mean_se,11.7130835077584
2012,GBR,math_score,yes,mean,529.977938177915
2012,GBR,math_score,yes,mean_se,10.2112481714126
2012,GBR,reading_score,no,mean,483.553263286597
2012,GBR,reading_score,no,mean_se,3.61758491117621
2012,GBR,reading_score,yes,mean,538.871056252207
2012,GBR,reading_score,yes,mean_se,3.55150509365441
2012,GRC,math_score,no,mean,434.481225616408
2012,GRC,math_score,no,mean_se,8.49178829772901
2012,GRC,math_score,yes,mean,476.330984459691
2012,GRC,math_score,yes,mean_se,6.35598112867375
2012,GRC,reading_score,no,mean,455.843143770804
2012,GRC,reading_score,no,mean_se,3.76427406477808
2012,GRC,reading_score,yes,mean,504.357649104791
2012,GRC,reading_score,yes,mean_se,3.30273914087803
2012,HRV,math_score,no,mean,452.014351402652
2012,HRV,math_score,no,mean_se,9.44174096168205
2012,HRV,math_score,yes,mean,500.29012912525
2012,HRV,math_score,yes,mean_se,23.2295498367476
2012,HRV,reading_score,no,mean,462.177417252226
2012,HRV,reading_score,no,mean_se,3.40121736548637
2012,HRV,reading_score,yes,mean,516.896267717234
2012,HRV,reading_score,yes,mean_se,3.52576666688685
2012,HUN,math_score,no,mean,428.793260705523
2012,HUN,math_score,no,mean_se,8.73972831303696
2012,HUN,math_score,yes,mean,507.616793066764
2012,HUN,math_score,yes,mean_se,14.6996774650625
2012,HUN,reading_score,no,mean,437.286936525464
2012,HUN,reading_score,no,mean_se,3.78795166562768
2012,HUN,reading_score,yes,mean,521.01616863387
2012,HUN,reading_score,yes,mean_se,3.12223190478264
2012,IRL,math_score,no,mean,490.895683999917
2012,IRL,math_score,no,mean_se,5.16769965038231
2012,IRL,math_score,yes,mean,534.309347580037
2012,IRL,math_score,yes,mean_se,5.44221330010869
2012,IRL,reading_score,no,mean,509.334687723099
2012,IRL,reading_score,no,mean_se,2.52667192385184
2012,IRL,reading_score,yes,mean,561.545447966714
2012,IRL,reading_score,yes,mean_se,3.14010283916231
2012,ITA,math_score,no,mean,455.887121483228
2012,ITA,math_score,no,mean_se,4.556619604418
2012,ITA,math_score,yes,mean,504.489308017473
2012,ITA,math_score,yes,mean_se,4.73367948183793
2012,ITA,reading_score,no,mean,455.05728589787
2012,ITA,reading_score,no,mean_se,2.00128744163303
2012,ITA,reading_score,yes,mean,512.406112773498
2012,ITA,reading_score,yes,mean_se,2.06624411646261
2012,LTU,math_score,no,mean,457.993780890407
2012,LTU,math_score,no,mean_se,6.85734918814869
2012,LTU,math_score,yes,mean,506.419175948213
2012,LTU,math_score,yes,mean_se,7.49294300817616
2012,LTU,reading_score,no,mean,455.127240878407
2012,LTU,reading_score,no,mean_se,2.54735427142915
2012,LTU,reading_score,yes,mean,506.702092531679
2012,LTU,reading_score,yes,mean_se,2.53787698587136
2012,LUX,math_score,no,mean,464.64184609476
2012,LUX,math_score,no,mean_se,1.68783929179815
2012,LUX,math_score,yes,mean,530.21799933886
2012,LUX,math_score,yes,mean_se,2.60971714413958
2012,LUX,reading_score,no,mean,460.771867811171
2012,LUX,reading_score,no,mean_se,1.65675681327496
2012,LUX,reading_score,yes,mean,532.611620115322
2012,LUX,reading_score,yes,mean_se,2.51800481683337
2012,LVA,math_score,no,mean,461.417086529383
2012,LVA,math_score,no,mean_se,9.28671747569227
2012,LVA,math_score,yes,mean,507.674503406386
2012,LVA,math_score,yes,mean_se,8.27421743751466
2012,LVA,reading_score,no,mean,454.716926115098
2012,LVA,reading_score,no,mean_se,3.54325361049871
2012,LVA,reading_score,yes,mean,508.020995833617
2012,LVA,reading_score,yes,mean_se,2.3523623690025
2012,NLD,math_score,no,mean,518.837099804895
2012,NLD,math_score,no,mean_se,10.3255724688348
2012,NLD,math_score,yes,mean,552.765713019699
2012,NLD,math_score,yes,mean_se,27.1493351329489
2012,NLD,reading_score,no,mean,505.997516631758
2012,NLD,reading_score,no,mean_se,3.22000166701728
2012,NLD,reading_score,yes,mean,540.224027551342
2012,NLD,reading_score,yes,mean_se,5.5126857342948
2012,POL,math_score,no,mean,473.978604063786
2012,POL,math_score,no,mean_se,15.9093546627021
2012,POL,math_score,yes,mean,530.595512997249
2012,POL,math_score,yes,mean_se,13.1532309318379
2012,POL,reading_score,no,mean,472.772605625332
2012,POL,reading_score,no,mean_se,4.16426915255289
2012,POL,reading_score,yes,mean,531.790903251211
2012,POL,reading_score,yes,mean_se,3.09435801760343
2012,PRT,math_score,no,mean,457.240737944038
2012,PRT,math_score,no,mean_se,16.5463668275584
2012,PRT,math_score,yes,mean,516.688125316827
2012,PRT,math_score,yes,mean_se,11.160621492121
2012,PRT,reading_score,no,mean,455.984778718234
2012,PRT,reading_score,no,mean_se,4.10554430227616
2012,PRT,reading_score,yes,mean,519.665643853476
2012,PRT,reading_score,yes,mean_se,3.17050912664041
2012,ROU,math_score,no,mean,404.595823309577
2012,ROU,math_score,no,mean_se,12.4771088984139
2012,ROU,math_score,yes,mean,464.171513651806
2012,ROU,math_score,yes,mean_se,14.5709363009666
2012,ROU,reading_score,no,mean,391.654703577267
2012,ROU,reading_score,no,mean_se,4.05060081252019
2012,ROU,reading_score,yes,mean,459.809689552852
2012,ROU,reading_score,yes,mean_se,3.93622900913425
2012,SVK,math_score,no,mean,453.295029427068
2012,SVK,math_score,no,mean_se,15.2196218826162
2012,SVK,math_score,yes,mean,509.225465987832
2012,SVK,math_score,yes,mean_se,11.6815530010479
2012,SVK,reading_score,no,mean,432.276599413961
2012,SVK,reading_score,no,mean_se,5.17658472814686
2012,SVK,reading_score,yes,mean,492.62532551442
2012,SVK,reading_score,yes,mean_se,3.96325178310465
2012,SVN,math_score,no,mean,472.980591000069
2012,SVN,math_score,no,mean_se,4.40190137419453
2012,SVN,math_score,yes,mean,525.884284086846
2012,SVN,math_score,yes,mean_se,2.65863559381631
2012,SVN,reading_score,no,mean,451.320767969504
2012,SVN,reading_score,no,mean_se,2.18412810539964
2012,SVN,reading_score,yes,mean,506.477408213291
2012,SVN,reading_score,yes,mean_se,1.78766214254073
2012,SWE,math_score,no,mean,459.56484341427
2012,SWE,math_score,no,mean_se,6.56464954513566
2012,SWE,math_score,yes,mean,503.092122310032
2012,SWE,math_score,yes,mean_se,5.93879039492411
2012,SWE,reading_score,no,mean,462.027414113491
2012,SWE,reading_score,no,mean_se,3.78286896109782
2012,SWE,reading_score,yes,mean,513.162790337942
2012,SWE,reading_score,yes,mean_se,3.0628019131387
2012,EU28,math_score,no,mean,472.344239551798
2012,EU28,math_score,no,mean_se,1.27415914876793
2012,EU28,math_score,yes,mean,520.483510477967
2012,EU28,math_score,yes,mean_se,0.839630741637945
2012,EU28,reading_score,no,mean,472.02000910664
2012,EU28,reading_score,no,mean_se,1.07680855416428
2012,EU28,reading_score,yes,mean,525.489104503706
2012,EU28,reading_score,yes,mean_se,0.988909538662254
2015,AUT,math_score,no,mean,477.008204731846
2015,AUT,math_score,no,mean_se,8.02349381244919
2015,AUT,math_score,yes,mean,534.71463168657
2015,AUT,math_score,yes,mean_se,9.5571731978388
2015,AUT,reading_score,no,mean,462.318999548233
2015,AUT,reading_score,no,mean_se,2.98718220316564
2015,AUT,reading_score,yes,mean,527.595233466166
2015,AUT,reading_score,yes,mean_se,3.0495327162524
2015,BEL,math_score,no,mean,492.792450575483
2015,BEL,math_score,no,mean_se,5.7111944895377
2015,BEL,math_score,yes,mean,537.00787826532
2015,BEL,math_score,yes,mean_se,5.8269256538849
2015,BEL,reading_score,no,mean,483.607976331276
2015,BEL,reading_score,no,mean_se,2.42381590693474
2015,BEL,reading_score,yes,mean,533.474539316566
2015,BEL,reading_score,yes,mean_se,2.73861153296652
2015,BGR,math_score,no,mean,389.737356084396
2015,BGR,math_score,no,mean_se,17.6253045874902
2015,BGR,math_score,yes,mean,463.408205325267
2015,BGR,math_score,yes,mean_se,13.6404751622197
2015,BGR,reading_score,no,mean,365.44287177306
2015,BGR,reading_score,no,mean_se,5.04540142597435
2015,BGR,reading_score,yes,mean,462.619121194965
2015,BGR,reading_score,yes,mean_se,4.27210667278408
2015,CZE,math_score,no,mean,464.561320859301
2015,CZE,math_score,no,mean_se,9.67130865304597
2015,CZE,math_score,yes,mean,513.5034835986
2015,CZE,math_score,yes,mean_se,3.64932491289838
2015,CZE,reading_score,no,mean,454.220087888701
2015,CZE,reading_score,no,mean_se,3.54929700029422
2015,CZE,reading_score,yes,mean,514.164732527391
2015,CZE,reading_score,yes,mean_se,2.21222808375387
2015,DEU,math_score,no,mean,492.041723952039
2015,DEU,math_score,no,mean_se,7.32450203645486
2015,DEU,math_score,yes,mean,544.390869588177
2015,DEU,math_score,yes,mean_se,7.32313551848814
2015,DEU,reading_score,no,mean,497.471763524674
2015,DEU,reading_score,no,mean_se,3.05478965510814
2015,DEU,reading_score,yes,mean,549.232919556266
2015,DEU,reading_score,yes,mean_se,3.337723581624
2015,DNK,math_score,no,mean,493.718250957585
2015,DNK,math_score,no,mean_se,4.74122580788248
2015,DNK,math_score,yes,mean,531.079250805716
2015,DNK,math_score,yes,mean_se,5.66238716234861
2015,DNK,reading_score,no,mean,477.745643347068
2015,DNK,reading_score,no,mean_se,2.67817410007722
2015,DNK,reading_score,yes,mean,525.042338046442
2015,DNK,reading_score,yes,mean_se,2.79257468510239
2015,ESP,math_score,no,mean,460.986085306766
2015,ESP,math_score,no,mean_se,8.30469906946853
2015,ESP,math_score,yes,mean,501.712948309508
2015,ESP,math_score,yes,mean_se,4.18294675132022
2015,ESP,reading_score,no,mean,469.620845814919
2015,ESP,reading_score,no,mean_se,3.38520279789751
2015,ESP,reading_score,yes,mean,512.404787881404
2015,ESP,reading_score,yes,mean_se,2.44637825814617
2015,EST,math_score,no,mean,490.47132007924
2015,EST,math_score,no,mean_se,8.08723623566946
2015,EST,math_score,yes,mean,532.785831063497
2015,EST,math_score,yes,mean_se,3.5304676927621
2015,EST,reading_score,no,mean,489.422778596231
2015,EST,reading_score,no,mean_se,3.16614479475347
2015,EST,reading_score,yes,mean,531.975686102595
2015,EST,reading_score,yes,mean_se,2.34528982606416
2015,FIN,math_score,no,mean,489.069409875433
2015,FIN,math_score,no,mean_se,6.19828658557946
2015,FIN,math_score,yes,mean,534.755301767035
2015,FIN,math_score,yes,mean_se,4.03051199809649
2015,FIN,reading_score,no,mean,504.008401573872
2015,FIN,reading_score,no,mean_se,2.87294216753263
2015,FIN,reading_score,yes,mean,551.895341631547
2015,FIN,reading_score,yes,mean_se,2.55535791878922
2015,FRA,math_score,no,mean,448.926978509753
2015,FRA,math_score,no,mean_se,9.54476806591663
2015,FRA,math_score,yes,mean,521.252843985007
2015,FRA,math_score,yes,mean_se,4.84800139443003
2015,FRA,reading_score,no,mean,440.923282146507
2015,FRA,reading_score,no,mean_se,3.83835937675233
2015,FRA,reading_score,yes,mean,537.098451560356
2015,FRA,reading_score,yes,mean_se,2.60983904097479
2015,GBR,math_score,no,mean,482.172094629396
2015,GBR,math_score,no,mean_se,5.05819805387787
2015,GBR,math_score,yes,mean,517.607474586953
2015,GBR,math_score,yes,mean_se,9.51979374251423
2015,GBR,reading_score,no,mean,484.960386463678
2015,GBR,reading_score,no,mean_se,2.63741624547305
2015,GBR,reading_score,yes,mean,527.571186921363
2015,GBR,reading_score,yes,mean_se,3.89607160732901
2015,GRC,math_score,no,mean,435.436797669924
2015,GRC,math_score,no,mean_se,14.463364649908
2015,GRC,math_score,yes,mean,474.382212025817
2015,GRC,math_score,yes,mean_se,11.1458872672565
2015,GRC,reading_score,no,mean,440.913600085697
2015,GRC,reading_score,no,mean_se,5.31979967178528
2015,GRC,reading_score,yes,mean,493.793403470037
2015,GRC,reading_score,yes,mean_se,3.75459584922914
2015,HRV,math_score,no,mean,447.304644312956
2015,HRV,math_score,no,mean_se,7.73031607352371
2015,HRV,math_score,yes,mean,492.612743852288
2015,HRV,math_score,yes,mean_se,7.34116890351629
2015,HRV,reading_score,no,mean,466.085432654642
2015,HRV,reading_score,no,mean_se,3.05450926855624
2015,HRV,reading_score,yes,mean,518.834965947734
2015,HRV,reading_score,yes,mean_se,3.07172404929964
2015,HUN,math_score,no,mean,432.193030109569
2015,HUN,math_score,no,mean_se,6.51900116510676
2015,HUN,math_score,yes,mean,507.314317704256
2015,HUN,math_score,yes,mean_se,6.72977082272277
2015,HUN,reading_score,no,mean,415.689413809412
2015,HUN,reading_score,no,mean_se,3.18390698345496
2015,HUN,reading_score,yes,mean,503.440199826179
2015,HUN,reading_score,yes,mean_se,2.70751621754127
2015,IRL,math_score,no,mean,491.082334644166
2015,IRL,math_score,no,mean_se,4.57951193103042
2015,IRL,math_score,yes,mean,530.809924438559
2015,IRL,math_score,yes,mean_se,4.31508054197898
2015,IRL,reading_score,no,mean,506.059615273004
2015,IRL,reading_score,no,mean_se,2.51265713997185
2015,IRL,reading_score,yes,mean,553.219673418851
2015,IRL,reading_score,yes,mean_se,2.68640592255555
2015,ITA,math_score,no,mean,461.940150067567
2015,ITA,math_score,no,mean_se,10.1811064987042
2015,ITA,math_score,yes,mean,507.746198454265
2015,ITA,math_score,yes,mean_se,8.07779347709669
2015,ITA,reading_score,no,mean,451.114943676492
2015,ITA,reading_score,no,mean_se,3.14598813935224
2015,ITA,reading_score,yes,mean,506.757207915803
2015,ITA,reading_score,yes,mean_se,2.89612919645988
2015,LTU,math_score,no,mean,461.891907403966
2015,LTU,math_score,no,mean_se,4.1465047735016
2015,LTU,math_score,yes,mean,499.145296223856
2015,LTU,math_score,yes,mean_se,7.29285155078519
2015,LTU,reading_score,no,mean,452.737060261714
2015,LTU,reading_score,no,mean_se,2.52098549517243
2015,LTU,reading_score,yes,mean,496.217034152872
2015,LTU,reading_score,yes,mean_se,3.48430918554451
2015,LUX,math_score,no,mean,461.258185804092
2015,LUX,math_score,no,mean_se,2.30350812026484
2015,LUX,math_score,yes,mean,519.932642890024
2015,LUX,math_score,yes,mean_se,2.846895833987
2015,LUX,reading_score,no,mean,453.220011130001
2015,LUX,reading_score,no,mean_se,2.04656712615836
2015,LUX,reading_score,yes,mean,521.489506837772
2015,LUX,reading_score,yes,mean_se,2.39469056936244
2015,LVA,math_score,no,mean,453.660600774763
2015,LVA,math_score,no,mean_se,6.22606797875951
2015,LVA,math_score,yes,mean,497.595590874906
2015,LVA,math_score,yes,mean_se,2.83368141442363
2015,LVA,reading_score,no,mean,449.820152298685
2015,LVA,reading_score,no,mean_se,3.1689045043416
2015,LVA,reading_score,yes,mean,505.508298831444
2015,LVA,reading_score,yes,mean_se,1.83417551494547
2015,MLT,math_score,no,mean,448.318619808089
2015,MLT,math_score,no,mean_se,4.65501808567835
2015,MLT,math_score,yes,mean,516.272815854126
2015,MLT,math_score,yes,mean_se,5.16270308883154
2015,MLT,reading_score,no,mean,412.617011863228
2015,MLT,reading_score,no,mean_se,2.71875841989974
2015,MLT,reading_score,yes,mean,490.404802974996
2015,MLT,reading_score,yes,mean_se,2.63304700666757
2015,NLD,math_score,no,mean,506.546977318682
2015,NLD,math_score,no,mean_se,5.43601418215764
2015,NLD,math_score,yes,mean,537.806418851657
2015,NLD,math_score,yes,mean_se,12.8635302031648
2015,NLD,reading_score,no,mean,495.304401331988
2015,NLD,reading_score,no,mean_se,2.83114387166633
2015,NLD,reading_score,yes,mean,533.827200025911
2015,NLD,reading_score,yes,mean_se,4.25993980947969
2015,POL,math_score,no,mean,469.509086678078
2015,POL,math_score,no,mean_se,10.3760578875321
2015,POL,math_score,yes,mean,519.114964623692
2015,POL,math_score,yes,mean_se,5.32562109665199
2015,POL,reading_score,no,mean,463.232887813786
2015,POL,reading_score,no,mean_se,3.40767363360831
2015,POL,reading_score,yes,mean,524.214101465163
2015,POL,reading_score,yes,mean_se,2.34946791877999
2015,PRT,math_score,no,mean,466.003067860339
2015,PRT,math_score,no,mean_se,8.40903881001836
2015,PRT,math_score,yes,mean,513.53066887405
2015,PRT,math_score,yes,mean_se,4.08693321416327
2015,PRT,reading_score,no,mean,468.102493213703
2015,PRT,reading_score,no,mean_se,3.40395970951016
2015,PRT,reading_score,yes,mean,521.535581705976
2015,PRT,reading_score,yes,mean_se,2.60699990644131
2015,ROU,math_score,no,mean,399.076950481072
2015,ROU,math_score,no,mean_se,19.7388919649267
2015,ROU,math_score,yes,mean,457.781942124431
2015,ROU,math_score,yes,mean_se,11.0535137588231
2015,ROU,reading_score,no,mean,383.88506173694
2015,ROU,reading_score,no,mean_se,4.96984702004252
2015,ROU,reading_score,yes,mean,448.92983561432
2015,ROU,reading_score,yes,mean_se,3.93570039238335
2015,SVK,math_score,no,mean,456.430251610023
2015,SVK,math_score,no,mean_se,9.05584109258448
2015,SVK,math_score,yes,mean,499.117407385426
2015,SVK,math_score,yes,mean_se,5.06838791265676
2015,SVK,reading_score,no,mean,429.679802418674
2015,SVK,reading_score,no,mean_se,3.32557282237066
2015,SVK,reading_score,yes,mean,480.281933270663
2015,SVK,reading_score,yes,mean_se,2.78507738663074
2015,SVN,math_score,no,mean,484.968776460456
2015,SVN,math_score,no,mean_se,3.75154915080521
2015,SVN,math_score,yes,mean,529.647307524539
2015,SVN,math_score,yes,mean_se,2.48271639038948
2015,SVN,reading_score,no,mean,476.827300992969
2015,SVN,reading_score,no,mean_se,2.41292264363405
2015,SVN,reading_score,yes,mean,527.827195145505
2015,SVN,reading_score,yes,mean_se,1.78323568865902
2015,SWE,math_score,no,mean,472.601546623474
2015,SWE,math_score,no,mean_se,5.81360088033156
2015,SWE,math_score,yes,mean,521.246963888772
2015,SWE,math_score,yes,mean_se,10.8306746281576
2015,SWE,reading_score,no,mean,480.55147945026
2015,SWE,reading_score,no,mean_se,3.22848064749463
2015,SWE,reading_score,yes,mean,529.533623680685
2015,SWE,reading_score,yes,mean_se,3.90367652785511
2015,EU28,math_score,no,mean,472.884459410939
2015,EU28,math_score,no,mean_se,0.755428368962267
2015,EU28,math_score,yes,mean,514.203441686413
2015,EU28,math_score,yes,mean_se,0.5529475910357
2015,EU28,reading_score,no,mean,470.799830687558
2015,EU28,reading_score,no,mean_se,0.982546556216312
2015,EU28,reading_score,yes,mean,520.340590321753
2015,EU28,reading_score,yes,mean_se,0.899371286699904
2018,AUT,math_score,no,mean,480.120867208069
2018,AUT,math_score,no,mean_se,8.24817770261749
2018,AUT,math_score,yes,mean,531.715767241386
2018,AUT,math_score,yes,mean_se,8.920836643709
2018,AUT,reading_score,no,mean,464.150831922293
2018,AUT,reading_score,no,mean_se,2.8930835824508
2018,AUT,reading_score,yes,mean,521.247646689005
2018,AUT,reading_score,yes,mean_se,3.08682934945485
2018,BEL,math_score,no,mean,492.603464201032
2018,BEL,math_score,no,mean_se,4.48222913221969
2018,BEL,math_score,yes,mean,539.327118726644
2018,BEL,math_score,yes,mean_se,6.43610538649589
2018,BEL,reading_score,no,mean,478.220558835254
2018,BEL,reading_score,no,mean_se,2.46003438383655
2018,BEL,reading_score,yes,mean,525.802672251389
2018,BEL,reading_score,yes,mean_se,2.74300738650649
2018,BGR,math_score,no,mean,398.194715551815
2018,BGR,math_score,no,mean_se,17.1539247215665
2018,BGR,math_score,yes,mean,458.758778706452
2018,BGR,math_score,yes,mean_se,12.1784965888076
2018,BGR,reading_score,no,mean,372.624926174765
2018,BGR,reading_score,no,mean_se,3.99148581768134
2018,BGR,reading_score,yes,mean,447.52587586615
2018,BGR,reading_score,yes,mean_se,3.71115423956281
2018,CZE,math_score,no,mean,469.793556089415
2018,CZE,math_score,no,mean_se,11.6986097990865
2018,CZE,math_score,yes,mean,517.620636331832
2018,CZE,math_score,yes,mean_se,4.20760899524114
2018,CZE,reading_score,no,mean,456.359465961027
2018,CZE,reading_score,no,mean_se,3.80801841563779
2018,CZE,reading_score,yes,mean,510.53459459849
2018,CZE,reading_score,yes,mean_se,2.17636454424165
2018,DEU,math_score,no,mean,486.141090279953
2018,DEU,math_score,no,mean_se,7.24179594715591
2018,DEU,math_score,yes,mean,537.582541391273
2018,DEU,math_score,yes,mean_se,10.6870490179644
2018,DEU,reading_score,no,mean,482.1066036491
2018,DEU,reading_score,no,mean_se,3.33743660749409
2018,DEU,reading_score,yes,mean,544.465265427495
2018,DEU,reading_score,yes,mean_se,3.93913047648112
2018,DNK,math_score,no,mean,488.165555891931
2018,DNK,math_score,no,mean_se,3.53820368575784
2018,DNK,math_score,yes,mean,531.731278602071
2018,DNK,math_score,yes,mean_se,3.88212913256036
2018,DNK,reading_score,no,mean,478.086050880655
2018,DNK,reading_score,no,mean_se,2.14537867765532
2018,DNK,reading_score,yes,mean,526.073730841919
2018,DNK,reading_score,yes,mean_se,2.08565014025846
2018,ESP,math_score,no,mean,462.577897886608
2018,ESP,math_score,no,mean_se,2.41046446357448
2018,ESP,math_score,yes,mean,498.051516978705
2018,ESP,math_score,yes,mean_se,1.7195762514841
2018,ESP,reading_score,no,mean,456.055200596525
2018,ESP,reading_score,no,mean_se,1.89001015843064
2018,ESP,reading_score,yes,mean,494.298614844289
2018,ESP,reading_score,yes,mean_se,1.62262857670868
2018,EST,math_score,no,mean,500.365445677896
2018,EST,math_score,no,mean_se,7.46843859683469
2018,EST,math_score,yes,mean,535.386177196855
2018,EST,math_score,yes,mean_se,2.45501002842434
2018,EST,reading_score,no,mean,499.889827356816
2018,EST,reading_score,no,mean_se,3.11267917876793
2018,EST,reading_score,yes,mean,535.372651341581
2018,EST,reading_score,yes,mean_se,1.89017013600847
2018,FIN,math_score,no,mean,485.162006494049
2018,FIN,math_score,no,mean_se,3.09154228095271
2018,FIN,math_score,yes,mean,530.375852094026
2018,FIN,math_score,yes,mean_se,4.18222080716917
2018,FIN,reading_score,no,mean,495.701953099299
2018,FIN,reading_score,no,mean_se,2.29672321253642
2018,FIN,reading_score,yes,mean,548.03208830357
2018,FIN,reading_score,yes,mean_se,2.60277343334287
2018,FRA,math_score,no,mean,456.290534246455
2018,FRA,math_score,no,mean_se,8.73752974184552
2018,FRA,math_score,yes,mean,521.421776694028
2018,FRA,math_score,yes,mean_se,6.45392932010626
2018,FRA,reading_score,no,mean,444.977382828491
2018,FRA,reading_score,no,mean_se,2.77636641375997
2018,FRA,reading_score,yes,mean,524.449029031549
2018,FRA,reading_score,yes,mean_se,2.810352959073
2018,GBR,math_score,no,mean,493.185154535804
2018,GBR,math_score,no,mean_se,7.85897886438515
2018,GBR,math_score,yes,mean,509.543004478382
2018,GBR,math_score,yes,mean_se,7.78887885077121
2018,GBR,reading_score,no,mean,494.895190082883
2018,GBR,reading_score,no,mean_se,2.88673414793929
2018,GBR,reading_score,yes,mean,515.701945533616
2018,GBR,reading_score,yes,mean_se,3.05631736129514
2018,GRC,math_score,no,mean,431.606283912307
2018,GRC,math_score,no,mean_se,10.9007852614012
2018,GRC,math_score,yes,mean,471.406673941853
2018,GRC,math_score,yes,mean_se,7.74904086650561
2018,GRC,reading_score,no,mean,433.145612089787
2018,GRC,reading_score,no,mean_se,3.67417501989976
2018,GRC,reading_score,yes,mean,480.445737465218
2018,GRC,reading_score,yes,mean_se,3.3480173269949
2018,HRV,math_score,no,mean,447.789987512627
2018,HRV,math_score,no,mean_se,6.47032325339512
2018,HRV,math_score,yes,mean,485.315197809718
2018,HRV,math_score,yes,mean_se,6.25381837034189
2018,HRV,reading_score,no,mean,462.636312553944
2018,HRV,reading_score,no,mean_se,2.90101737342872
2018,HRV,reading_score,yes,mean,501.217023804818
2018,HRV,reading_score,yes,mean_se,2.77316381925418
2018,HUN,math_score,no,mean,437.268228559348
2018,HUN,math_score,no,mean_se,7.39970877777052
2018,HUN,math_score,yes,mean,511.769491576806
2018,HUN,math_score,yes,mean_se,6.49315076626293
2018,HUN,reading_score,no,mean,427.432196867061
2018,HUN,reading_score,no,mean_se,2.58886754699368
2018,HUN,reading_score,yes,mean,509.045525132573
2018,HUN,reading_score,yes,mean_se,2.58556491123357
2018,IRL,math_score,no,mean,488.845850466784
2018,IRL,math_score,no,mean_se,3.86849655189053
2018,IRL,math_score,yes,mean,522.942784222008
2018,IRL,math_score,yes,mean_se,7.04891481180129
2018,IRL,reading_score,no,mean,502.507199383801
2018,IRL,reading_score,no,mean_se,2.28177663745969
2018,IRL,reading_score,yes,mean,547.290916187283
2018,IRL,reading_score,yes,mean_se,2.98678579296077
2018,ITA,math_score,no,mean,457.84186477879
2018,ITA,math_score,no,mean_se,10.8228431084395
2018,ITA,math_score,yes,mean,505.995869317498
2018,ITA,math_score,yes,mean_se,8.92898812246607
2018,ITA,reading_score,no,mean,444.63598988544
2018,ITA,reading_score,no,mean_se,3.29623020949347
2018,ITA,reading_score,yes,mean,497.906941573169
2018,ITA,reading_score,yes,mean_se,2.54521501568481
2018,LTU,math_score,no,mean,460.033984209948
2018,LTU,math_score,no,mean_se,3.87523867194262
2018,LTU,math_score,yes,mean,501.76599798071
2018,LTU,math_score,yes,mean_se,2.32548895330414
2018,LTU,reading_score,no,mean,454.54713076991
2018,LTU,reading_score,no,mean_se,2.10926117868952
2018,LTU,reading_score,yes,mean,497.935835452867
2018,LTU,reading_score,yes,mean_se,1.8784895711192
2018,LUX,math_score,no,mean,457.755578799546
2018,LUX,math_score,no,mean_se,2.51032037856632
2018,LUX,math_score,yes,mean,519.746033926509
2018,LUX,math_score,yes,mean_se,2.67199685118187
2018,LUX,reading_score,no,mean,441.118545963842
2018,LUX,reading_score,no,mean_se,1.68918001328405
2018,LUX,reading_score,yes,mean,510.581724355842
2018,LUX,reading_score,yes,mean_se,2.10453269266744
2018,LVA,math_score,no,mean,475.167685003004
2018,LVA,math_score,no,mean_se,5.15645161708226
2018,LVA,math_score,yes,mean,507.685228049568
2018,LVA,math_score,yes,mean_se,2.37610632869395
2018,LVA,reading_score,no,mean,448.917097776331
2018,LVA,reading_score,no,mean_se,2.69474796212397
2018,LVA,reading_score,yes,mean,494.489362287244
2018,LVA,reading_score,yes,mean_se,1.80663291645726
2018,MLT,math_score,no,mean,452.071910178044
2018,MLT,math_score,no,mean_se,4.01255649964743
2018,MLT,math_score,yes,mean,492.968576866983
2018,MLT,math_score,yes,mean_se,4.34793981926232
2018,MLT,reading_score,no,mean,425.219311103556
2018,MLT,reading_score,no,mean_se,2.32635010704638
2018,MLT,reading_score,yes,mean,474.97739741173
2018,MLT,reading_score,yes,mean_se,2.51389167661889
2018,NLD,math_score,no,mean,513.63484628664
2018,NLD,math_score,no,mean_se,6.83188774324026
2018,NLD,math_score,yes,mean,547.345149589251
2018,NLD,math_score,yes,mean_se,14.3412382318271
2018,NLD,reading_score,no,mean,479.594139999536
2018,NLD,reading_score,no,mean_se,2.85465807325801
2018,NLD,reading_score,yes,mean,511.655868556415
2018,NLD,reading_score,yes,mean_se,4.02746994551358
2018,POL,math_score,no,mean,483.187945128536
2018,POL,math_score,no,mean_se,7.11913272243038
2018,POL,math_score,yes,mean,529.121519727517
2018,POL,math_score,yes,mean_se,7.23279967021072
2018,POL,reading_score,no,mean,474.027398193751
2018,POL,reading_score,no,mean_se,3.25237178220033
2018,POL,reading_score,yes,mean,527.338618474078
2018,POL,reading_score,yes,mean_se,2.73891513436716
2018,PRT,math_score,no,mean,464.124765885268
2018,PRT,math_score,no,mean_se,7.58710456815571
2018,PRT,math_score,yes,mean,517.200832521415
2018,PRT,math_score,yes,mean_se,6.15747804644309
2018,PRT,reading_score,no,mean,465.988098600777
2018,PRT,reading_score,no,mean_se,2.96219814962474
2018,PRT,reading_score,yes,mean,515.279381472122
2018,PRT,reading_score,yes,mean_se,2.65430193610005
2018,ROU,math_score,no,mean,377.126644735492
2018,ROU,math_score,no,mean_se,15.2361610422116
2018,ROU,math_score,yes,mean,453.709122549441
2018,ROU,math_score,yes,mean_se,20.3089225467335
2018,ROU,reading_score,no,mean,366.002525244265
2018,ROU,reading_score,no,mean_se,5.13178322431007
2018,ROU,reading_score,yes,mean,452.000026901517
2018,ROU,reading_score,yes,mean_se,4.73456910012229
2018,SVK,math_score,no,mean,463.391947387297
2018,SVK,math_score,no,mean_se,12.5676814059191
2018,SVK,math_score,yes,mean,507.494193362029
2018,SVK,math_score,yes,mean_se,5.01875894780778
2018,SVK,reading_score,no,mean,436.132729317415
2018,SVK,reading_score,no,mean_se,3.31061873104584
2018,SVK,reading_score,yes,mean,478.584621524502
2018,SVK,reading_score,yes,mean_se,2.41987729127247
2018,SVN,math_score,no,mean,484.782488354124
2018,SVN,math_score,no,mean_se,3.58724722744127
2018,SVN,math_score,yes,mean,531.214777189401
2018,SVN,math_score,yes,mean_se,2.09936413082742
2018,SVN,reading_score,no,mean,470.468484179336
2018,SVN,reading_score,no,mean_se,2.23306004790442
2018,SVN,reading_score,yes,mean,518.193435393762
2018,SVN,reading_score,yes,mean_se,1.55450577994402
2018,SWE,math_score,no,mean,480.920323994166
2018,SWE,math_score,no,mean_se,8.08090346512775
2018,SWE,math_score,yes,mean,527.109679191285
2018,SWE,math_score,yes,mean_se,6.02302392352897
2018,SWE,reading_score,no,mean,483.905927953932
2018,SWE,reading_score,no,mean_se,3.26803018416351
2018,SWE,reading_score,yes,mean,534.616868705944
2018,SWE,reading_score,yes,mean_se,3.34174008745665
2018,EU28,math_score,no,mean,473.867450799178
2018,EU28,math_score,no,mean_se,0.876542116599614
2018,EU28,math_score,yes,mean,513.795263043236
2018,EU28,math_score,yes,mean_se,0.891757271509763
2018,EU28,reading_score,no,mean,465.651942369861
2018,EU28,reading_score,no,mean_se,0.94586084937473
2018,EU28,reading_score,yes,mean,513.121426973436
2018,EU28,reading_score,yes,mean_se,1.06368320183389
2022,AUT,math_score,no,mean,462.1361245257
2022,AUT,math_score,no,mean_se,10.1375327091272
2022,AUT,math_score,yes,mean,508.415273265359
2022,AUT,math_score,yes,mean_se,7.19064796919922
2022,AUT,reading_score,no,mean,453.971072839174
2022,AUT,reading_score,no,mean_se,3.82407054759551
2022,AUT,reading_score,yes,mean,507.90434021565
2022,AUT,reading_score,yes,mean_se,3.11513848131115
2022,BEL,math_score,no,mean,473.270841953784
2022,BEL,math_score,no,mean_se,5.84782516879128
2022,BEL,math_score,yes,mean,520.223679084781
2022,BEL,math_score,yes,mean_se,7.12918994266565
2022,BEL,reading_score,no,mean,462.21520809486
2022,BEL,reading_score,no,mean_se,2.86016094842032
2022,BEL,reading_score,yes,mean,516.757266515487
2022,BEL,reading_score,yes,mean_se,2.9595523033414
2022,BGR,math_score,no,mean,374.244633583435
2022,BGR,math_score,no,mean_se,15.7237536245825
2022,BGR,math_score,yes,mean,439.433350095792
2022,BGR,math_score,yes,mean_se,13.8516185028221
2022,BGR,reading_score,no,mean,357.297960390306
2022,BGR,reading_score,no,mean_se,4.58591023642362
2022,BGR,reading_score,yes,mean,433.064621575289
2022,BGR,reading_score,yes,mean_se,3.7746155330861
2022,CZE,math_score,no,mean,440.60032731129
2022,CZE,math_score,no,mean_se,12.2016588249489
2022,CZE,math_score,yes,mean,500.978712433099
2022,CZE,math_score,yes,mean_se,3.83299875048148
2022,CZE,reading_score,no,mean,440.658666105415
2022,CZE,reading_score,no,mean_se,4.46423248272493
2022,CZE,reading_score,yes,mean,505.555199873195
2022,CZE,reading_score,yes,mean_se,2.33858080162955
2022,DEU,math_score,no,mean,450.161401055132
2022,DEU,math_score,no,mean_se,11.1989346586673
2022,DEU,math_score,yes,mean,508.344549274053
2022,DEU,math_score,yes,mean_se,7.03165116133691
2022,DEU,reading_score,no,mean,452.080877389619
2022,DEU,reading_score,no,mean_se,4.15468888632609
2022,DEU,reading_score,yes,mean,519.684477853901
2022,DEU,reading_score,yes,mean_se,3.24300586248498
2022,DNK,math_score,no,mean,459.90537802935
2022,DNK,math_score,no,mean_se,13.0170196064148
2022,DNK,math_score,yes,mean,506.277373471543
2022,DNK,math_score,yes,mean_se,3.74300223223419
2022,DNK,reading_score,no,mean,457.874894508824
2022,DNK,reading_score,no,mean_se,4.17343117291015
2022,DNK,reading_score,yes,mean,510.740759493021
2022,DNK,reading_score,yes,mean_se,3.19284287440821
2022,ESP,math_score,no,mean,445.137401989658
2022,ESP,math_score,no,mean_se,5.03823405551804
2022,ESP,math_score,yes,mean,488.587747097807
2022,ESP,math_score,yes,mean_se,2.09679753709146
2022,ESP,reading_score,no,mean,447.401416637044
2022,ESP,reading_score,no,mean_se,2.67372040928385
2022,ESP,reading_score,yes,mean,492.447921077269
2022,ESP,reading_score,yes,mean_se,1.71994684145987
2022,EST,math_score,no,mean,463.953393875934
2022,EST,math_score,no,mean_se,19.2213117019935
2022,EST,math_score,yes,mean,520.057680102088
2022,EST,math_score,yes,mean_se,3.56118437585455
2022,EST,reading_score,no,mean,466.39299714416
2022,EST,reading_score,no,mean_se,6.08881422095413
2022,EST,reading_score,yes,mean,524.087101633124
2022,EST,reading_score,yes,mean_se,2.39440982468016
2022,FIN,math_score,no,mean,453.066876252916
2022,FIN,math_score,no,mean_se,6.29968096913596
2022,FIN,math_score,yes,mean,498.96678000001
2022,FIN,math_score,yes,mean_se,4.69048364330815
2022,FIN,reading_score,no,mean,463.186273190439
2022,FIN,reading_score,no,mean_se,3.75492188119311
2022,FIN,reading_score,yes,mean,509.610217551707
2022,FIN,reading_score,yes,mean_se,2.42252215110469
2022,FRA,math_score,no,mean,427.346363683853
2022,FRA,math_score,no,mean_se,13.4554285437862
2022,FRA,math_score,yes,mean,496.430851665352
2022,FRA,math_score,yes,mean_se,5.53322853197392
2022,FRA,reading_score,no,mean,418.652770747806
2022,FRA,reading_score,no,mean_se,4.59264177429663
2022,FRA,reading_score,yes,mean,502.104743574679
2022,FRA,reading_score,yes,mean_se,2.98477431592072
2022,GBR,math_score,no,mean,473.464535852358
2022,GBR,math_score,no,mean_se,8.04952063180641
2022,GBR,math_score,yes,mean,511.629070929561
2022,GBR,math_score,yes,mean_se,7.05057999574784
2022,GBR,reading_score,no,mean,474.05236677128
2022,GBR,reading_score,no,mean_se,3.1993142822585
2022,GBR,reading_score,yes,mean,521.171975011262
2022,GBR,reading_score,yes,mean_se,3.243049928479
2022,GRC,math_score,no,mean,406.36976682315
2022,GRC,math_score,no,mean_se,6.55246917115823
2022,GRC,math_score,yes,mean,444.78287989168
2022,GRC,math_score,yes,mean_se,4.91771444453255
2022,GRC,reading_score,no,mean,412.132425620664
2022,GRC,reading_score,no,mean_se,3.68507246351672
2022,GRC,reading_score,yes,mean,456.594428775894
2022,GRC,reading_score,yes,mean_se,2.73094741870994
2022,HRV,math_score,no,mean,440.564712954451
2022,HRV,math_score,no,mean_se,10.3516792749898
2022,HRV,math_score,yes,mean,475.684271360582
2022,HRV,math_score,yes,mean_se,6.34249269812494
2022,HRV,reading_score,no,mean,455.348853367594
2022,HRV,reading_score,no,mean_se,3.50083691712886
2022,HRV,reading_score,yes,mean,489.939050602613
2022,HRV,reading_score,yes,mean_se,2.6911270041701
2022,HUN,math_score,no,mean,425.612517740159
2022,HUN,math_score,no,mean_se,13.6031901525051
2022,HUN,math_score,yes,mean,493.047589083644
2022,HUN,math_score,yes,mean_se,7.81526878025856
2022,HUN,reading_score,no,mean,421.156622443978
2022,HUN,reading_score,no,mean_se,4.42167948114904
2022,HUN,reading_score,yes,mean,497.675986192048
2022,HUN,reading_score,yes,mean_se,2.96476361193114
2022,IRL,math_score,no,mean,479.95190478599
2022,IRL,math_score,no,mean_se,6.08556757430224
2022,IRL,math_score,yes,mean,504.865536789561
2022,IRL,math_score,yes,mean_se,3.76727118492766
2022,IRL,reading_score,no,mean,500.665944751592
2022,IRL,reading_score,no,mean_se,2.85932929351053
2022,IRL,reading_score,yes,mean,532.099040086865
2022,IRL,reading_score,yes,mean_se,2.35021354164552
2022,ITA,math_score,no,mean,445.425459747049
2022,ITA,math_score,no,mean_se,6.43635828901837
2022,ITA,math_score,yes,mean,484.947701309129
2022,ITA,math_score,yes,mean_se,11.7372456787624
2022,ITA,reading_score,no,mean,456.759019597994
2022,ITA,reading_score,no,mean_se,2.94747448178545
2022,ITA,reading_score,yes,mean,496.747880147223
2022,ITA,reading_score,yes,mean_se,2.92472647166867
2022,LTU,math_score,no,mean,444.80787142312
2022,LTU,math_score,no,mean_se,8.00886944540549
2022,LTU,math_score,yes,mean,486.76638428327
2022,LTU,math_score,yes,mean_se,3.72575267721434
2022,LTU,reading_score,no,mean,446.168016789574
2022,LTU,reading_score,no,mean_se,3.30035734907712
2022,LTU,reading_score,yes,mean,485.438835450291
2022,LTU,reading_score,yes,mean_se,2.58859402226701
2022,LVA,math_score,no,mean,449.041599106645
2022,LVA,math_score,no,mean_se,11.8140227722205
2022,LVA,math_score,yes,mean,492.241251678269
2022,LVA,math_score,yes,mean_se,3.08717774402992
2022,LVA,reading_score,no,mean,439.738582101702
2022,LVA,reading_score,no,mean_se,4.25481019491958
2022,LVA,reading_score,yes,mean,487.07897028614
2022,LVA,reading_score,yes,mean_se,2.48720877913327
2022,MLT,math_score,no,mean,451.136557789641
2022,MLT,math_score,no,mean_se,14.4074721159187
2022,MLT,math_score,yes,mean,481.181257133638
2022,MLT,math_score,yes,mean_se,4.33513413129436
2022,MLT,reading_score,no,mean,429.559527996151
2022,MLT,reading_score,no,mean_se,4.86822076797374
2022,MLT,reading_score,yes,mean,466.40620612173
2022,MLT,reading_score,yes,mean_se,2.67891012387599
2022,NLD,math_score,no,mean,474.264246952784
2022,NLD,math_score,no,mean_se,15.255716366429
2022,NLD,math_score,yes,mean,531.337401008111
2022,NLD,math_score,yes,mean_se,12.4476215086326
2022,NLD,reading_score,no,mean,443.350799962543
2022,NLD,reading_score,no,mean_se,4.47004965904453
2022,NLD,reading_score,yes,mean,503.264969592169
2022,NLD,reading_score,yes,mean_se,4.47184251217889
2022,POL,math_score,no,mean,457.340322708528
2022,POL,math_score,no,mean_se,12.911242860985
2022,POL,math_score,yes,mean,501.149689664289
2022,POL,math_score,yes,mean_se,4.98070033617711
2022,POL,reading_score,no,mean,454.576911994095
2022,POL,reading_score,no,mean_se,5.28808850831417
2022,POL,reading_score,yes,mean,504.280754794204
2022,POL,reading_score,yes,mean_se,2.79275025104295
2022,PRT,math_score,no,mean,442.646969768475
2022,PRT,math_score,no,mean_se,11.3795893368567
2022,PRT,math_score,yes,mean,490.602659532474
2022,PRT,math_score,yes,mean_se,4.39290269069251
2022,PRT,reading_score,no,mean,451.723849230955
2022,PRT,reading_score,no,mean_se,4.05179257244519
2022,PRT,reading_score,yes,mean,496.813200520315
2022,PRT,reading_score,yes,mean_se,2.46408673864449
2022,ROU,math_score,no,mean,369.268873678807
2022,ROU,math_score,no,mean_se,14.5587952195244
2022,ROU,math_score,yes,mean,446.848753361812
2022,ROU,math_score,yes,mean_se,16.832629007953
2022,ROU,reading_score,no,mean,369.704313674065
2022,ROU,reading_score,no,mean_se,4.52535540769541
2022,ROU,reading_score,yes,mean,450.020776979922
2022,ROU,reading_score,yes,mean_se,4.07756226737506
2022,SVK,math_score,no,mean,444.76327528406
2022,SVK,math_score,no,mean_se,15.7623023677031
2022,SVK,math_score,yes,mean,487.837801578919
2022,SVK,math_score,yes,mean_se,8.23451666941495
2022,SVK,reading_score,no,mean,431.094583568179
2022,SVK,reading_score,no,mean_se,4.55154433101043
2022,SVK,reading_score,yes,mean,473.107463918956
2022,SVK,reading_score,yes,mean_se,3.14712443929473
2022,SVN,math_score,no,mean,452.114419523717
2022,SVN,math_score,no,mean_se,9.30089317204699
2022,SVN,math_score,yes,mean,503.26158620776
2022,SVN,math_score,yes,mean_se,2.47206244172819
2022,SVN,reading_score,no,mean,444.1257524385
2022,SVN,reading_score,no,mean_se,3.80495441379825
2022,SVN,reading_score,yes,mean,487.815491925153
2022,SVN,reading_score,yes,mean_se,2.06754429634486
2022,SWE,math_score,no,mean,444.972125365093
2022,SWE,math_score,no,mean_se,6.71516664938324
2022,SWE,math_score,yes,mean,501.441369792827
2022,SWE,math_score,yes,mean_se,6.38081775225725
2022,SWE,reading_score,no,mean,446.366692395528
2022,SWE,reading_score,no,mean_se,3.62233288726329
2022,SWE,reading_score,yes,mean,513.532898206065
2022,SWE,reading_score,yes,mean_se,2.89436175008007
2022,EU28,math_score,no,mean,450.433373301531
2022,EU28,math_score,no,mean_se,1.01045374172349
2022,EU28,math_score,yes,mean,494.789710982143
2022,EU28,math_score,yes,mean_se,0.578490331654011
2022,EU28,reading_score,no,mean,449.474706483394
2022,EU28,reading_score,no,mean_se,1.25660235083722
2022,EU28,reading_score,yes,mean,501.013761971593
2022,EU28,reading_score,yes,mean_se,0.836436068609856
